item_id,shift_k,original_correct,shifted_correct
9047,6,B,H
9048,7,J,G
9049,2,F,H
9052,9,C,B
9054,5,H,C
9055,7,F,C
9059,5,B,G
9060,8,A,I
9061,4,C,G
9069,3,G,J
9070,3,D,G
9071,7,D,A
9074,5,H,C
9082,6,E,A
9085,9,I,H
9086,3,G,J
9088,9,G,F
9089,3,D,G
9091,2,A,C
9097,8,A,I
9098,2,A,C
9100,2,B,D
9104,1,J,A
9105,4,B,F
9106,6,E,A
9107,4,A,E
9108,1,G,H
9110,3,B,E
9111,1,B,C
9115,4,J,D
9116,9,A,J
9117,7,F,C
9120,3,D,G
9121,3,H,A
9123,1,A,B
9129,5,F,A
9130,6,J,F
9135,2,E,G
9140,3,D,G
9141,4,A,E
9142,1,G,H
9143,7,H,E
9147,9,J,I
9149,8,I,G
9152,2,D,F
9153,4,H,B
9156,1,A,B
9157,3,C,F
9158,4,E,I
9161,7,A,H
9165,4,B,F
9167,3,C,F
9169,5,F,A
9171,2,F,H
9178,9,D,C
9179,4,G,A
9181,8,A,I
9182,4,F,J
9183,8,H,F
9185,3,J,C
9186,5,B,G
9189,9,J,I
9190,7,F,C
9193,6,D,J
9194,1,C,D
9199,9,E,D
9200,7,E,B
9206,4,E,I
9207,4,A,E
9209,8,G,E
9211,6,B,H
9213,7,H,E
9214,5,J,E
9216,5,D,I
9218,2,C,E
9223,3,J,C
9226,7,C,J
9229,6,A,G
9230,4,G,A
9231,9,D,C
9234,3,D,G
9237,7,A,H
9238,2,B,D
9239,9,B,A
9241,4,C,G
9242,3,A,D
9245,2,J,B
9246,6,J,F
9249,9,J,I
9252,8,D,B
9255,7,D,A
9257,8,D,B
9258,4,C,G
9265,8,D,B
9267,6,F,B
9268,5,F,A
9272,8,J,H
9273,6,A,G
9274,1,B,C
9277,8,A,I
9278,5,E,J
9279,2,E,G
9283,2,G,I
9284,7,I,F
9290,8,I,G
9292,4,E,I
9294,4,B,F
9297,2,J,B
9300,5,H,C
9302,6,D,J
9305,6,H,D
9306,8,F,D
9309,5,F,A
9313,9,D,C
9315,5,E,J
9321,4,I,C
9322,7,E,B
9325,1,B,C
9326,7,B,I
9328,5,I,D
9333,8,A,I
9338,2,J,B
9340,9,I,H
9342,7,J,G
9343,8,H,F
9346,7,A,H
9347,6,C,I
9362,8,D,B
9365,2,A,C
9367,2,J,B
9369,3,C,F
9373,3,G,J
9374,2,D,F
9376,9,H,G
9380,1,A,B
9383,6,I,E
9385,9,A,J
9388,9,I,H
9389,2,F,H
9392,3,E,H
9395,4,F,J
9396,5,D,I
9398,2,G,I
9400,2,H,J
9401,6,J,F
9402,2,F,H
9403,8,G,E
9412,2,G,I
9414,9,G,F
9416,2,D,F
9422,1,B,C
9423,3,J,C
9424,6,J,F
9427,5,B,G
9430,4,E,I
9431,2,G,I
9438,9,B,A
9440,9,I,H
9443,5,B,G
9453,8,C,A
9454,7,I,F
9456,7,I,F
9457,9,J,I
9459,8,G,E
9460,7,F,C
9465,2,B,D
9471,8,G,E
9473,2,F,H
9474,5,G,B
9475,4,C,G
9476,9,A,J
9477,4,D,H
9479,5,D,I
9482,8,H,F
9487,8,H,F
9488,7,G,D
9495,4,J,D
9498,5,C,H
9499,6,A,G
9501,2,G,I
9503,8,D,B
9504,9,G,F
9506,7,G,D
9510,8,D,B
9512,6,C,I
9513,9,I,H
9514,4,D,H
9515,5,A,F
9517,6,A,G
9518,7,H,E
9519,8,E,C
9523,4,F,J
9526,8,C,A
9531,9,F,E
9532,2,E,G
9535,6,H,D
9536,1,B,C
9540,4,G,A
9545,6,C,I
9551,7,B,I
9557,7,E,B
9559,1,H,I
9561,7,F,C
9563,7,J,G
9564,4,I,C
9568,9,G,F
9569,5,C,H
9571,3,G,J
9572,9,C,B
9576,1,B,C
9578,1,A,B
9580,4,E,I
9582,9,B,A
9585,4,D,H
9588,8,B,J
9589,3,A,D
9591,9,H,G
9592,9,J,I
9594,2,E,G
9607,5,A,F
9610,8,A,I
9611,4,E,I
9613,4,C,G
9614,9,E,D
9615,6,J,F
9618,7,B,I
9620,3,D,G
9621,5,B,G
9622,4,F,J
9624,1,I,J
9625,7,I,F
9627,3,C,F
9628,1,B,C
9630,9,F,E
9636,3,C,F
9637,2,F,H
9639,9,A,J
9640,2,F,H
9642,7,J,G
9644,8,I,G
9645,9,I,H
9648,1,E,F
9649,3,A,D
9651,8,A,I
9653,1,A,B
9659,9,J,I
9666,4,E,I
9668,4,F,J
9669,4,G,A
9670,4,E,I
9672,6,I,E
9673,3,F,I
9674,3,C,F
9676,3,G,J
9677,3,C,F
9685,2,G,I
9686,9,H,G
9687,9,G,F
9688,6,H,D
9696,9,E,D
9697,3,H,A
9703,5,B,G
9706,6,E,A
9711,3,D,G
9712,1,C,D
9713,7,D,A
9715,9,E,D
9721,3,J,C
9723,2,H,J
9726,7,I,F
9731,5,D,I
9736,3,E,H
9740,9,F,E
9743,8,H,F
9744,7,I,F
9749,9,A,J
9751,3,G,J
9755,7,D,A
9757,7,A,H
9758,9,J,I
9759,9,H,G
9761,4,B,F
9764,4,D,H
9765,9,I,H
9767,8,A,I
9769,8,E,C
9771,1,F,G
9773,5,E,J
9774,9,D,C
9776,6,D,J
9777,9,A,J
9778,8,E,C
9780,9,B,A
9785,1,H,I
9786,6,A,G
9789,3,D,G
9795,5,C,H
9800,9,C,B
9802,5,I,D
9804,3,H,A
9807,2,I,A
9809,5,F,A
9817,9,B,A
9818,3,D,G
9819,3,I,B
9824,3,I,B
9825,5,F,A
9827,7,C,J
9831,9,I,H
9832,5,I,D
9833,8,H,F
9837,6,C,I
9838,4,G,A
9839,5,I,D
9843,4,A,E
9844,4,B,F
9845,1,G,H
9849,7,H,E
9850,4,F,J
9852,9,G,F
9854,9,D,C
9856,9,D,C
9861,3,A,D
9862,6,I,E
9863,4,A,E
9864,6,H,D
9867,1,B,C
9874,6,A,G
9875,6,H,D
9876,6,C,I
9885,8,C,A
9889,8,A,I
9890,4,J,D
9897,7,B,I
9902,9,J,I
9904,9,B,A
9908,6,I,E
9911,5,G,B
9913,5,J,E
9914,9,A,J
9920,3,E,H
9923,1,J,A
9930,5,J,E
9939,2,I,A
9942,8,F,D
9943,7,I,F
9946,8,B,J
9949,9,H,G
9953,2,F,H
9954,6,F,B
9955,8,F,D
9957,9,C,B
9958,9,E,D
9959,2,I,A
9960,9,D,C
9962,9,E,D
9964,4,B,F
9967,5,A,F
9968,7,C,J
9973,4,G,A
9976,8,E,C
9981,5,A,F
9986,4,B,F
9988,3,G,J
9994,9,H,G
10004,9,C,B
10011,1,I,J
10012,1,I,J
10014,8,H,F
10016,6,C,I
10017,9,E,D
10018,6,D,J
10020,9,H,G
10021,4,I,C
10022,2,D,F
10029,6,F,B
10032,5,B,G
10033,8,B,J
10034,8,E,C
10038,4,B,F
10040,5,H,C
10041,1,E,F
10042,9,A,J
10043,7,A,H
10049,2,I,A
10050,1,H,I
10052,9,C,B
10058,7,J,G
10059,8,A,I
10060,6,C,I
10063,8,A,I
10069,2,C,E
10070,7,G,D
10076,7,A,H
10079,4,I,C
10083,1,F,G
10086,4,A,E
10089,6,I,E
10091,5,H,C
10092,9,B,A
10095,8,F,D
10099,7,J,G
10100,7,J,G
10102,3,J,C
10105,4,E,I
10110,8,J,H
10113,2,G,I
10116,7,A,H
10118,1,F,G
10121,9,J,I
10123,8,H,F
10126,1,G,H
10135,5,J,E
10139,3,I,B
10140,1,H,I
10143,6,A,G
10144,2,E,G
10147,6,E,A
10149,4,C,G
10150,9,D,C
10151,3,D,G
10152,7,E,B
10153,3,F,I
10155,1,H,I
10162,6,E,A
10165,4,H,B
10168,3,B,E
10173,8,F,D
10180,7,J,G
10182,9,E,D
10188,9,I,H
10190,4,B,F
10191,4,H,B
10193,5,H,C
10194,8,A,I
10195,4,H,B
10199,9,D,C
10201,6,D,J
10206,7,A,H
10207,6,I,E
10209,7,B,I
10211,3,I,B
10213,4,A,E
10220,3,J,C
10226,8,D,B
10229,1,I,J
10235,8,A,I
10237,9,J,I
10240,4,G,A
10241,3,G,J
10243,1,J,A
10249,6,J,F
10250,8,B,J
10251,2,E,G
10253,5,A,F
10255,7,J,G
10259,5,J,E
10260,3,H,A
10261,1,F,G
10268,1,A,B
10273,5,A,F
10274,5,I,D
10276,1,B,C
10283,7,I,F
10286,9,D,C
10287,5,A,F
10292,7,G,D
10293,3,I,B
10295,1,G,H
10298,7,C,J
10299,7,E,B
10307,5,C,H
10308,4,E,I
10310,5,C,H
10311,5,F,A
10314,1,F,G
10316,1,J,A
10317,4,F,J
10318,7,G,D
10319,4,B,F
10320,6,J,F
10322,2,A,C
10324,7,D,A
10326,5,B,G
10330,3,C,F
10333,5,C,H
10335,1,H,I
10336,6,E,A
10337,6,G,C
10340,8,D,B
10344,6,A,G
10345,3,G,J
10346,8,I,G
10348,7,J,G
10349,7,A,H
10350,3,B,E
10352,7,D,A
10353,8,H,F
10354,1,H,I
10355,9,E,D
866,1,D,E
867,4,B,F
871,5,C,H
872,1,G,H
873,3,E,H
874,7,A,H
876,1,I,J
879,3,A,D
885,5,C,H
889,4,C,G
890,5,G,B
894,1,H,I
895,4,H,B
896,9,G,F
899,9,G,F
902,6,I,E
903,3,B,E
905,5,A,F
907,6,J,F
908,4,B,F
909,5,B,G
913,3,E,H
915,1,G,H
917,4,I,C
918,6,J,F
919,6,E,A
922,6,D,J
923,5,F,A
924,5,J,E
925,2,J,B
933,5,H,C
937,6,D,J
939,4,G,A
942,3,F,I
943,6,F,B
944,5,D,I
946,6,B,H
952,7,D,A
954,6,E,A
955,8,A,I
958,3,J,C
959,6,A,G
965,8,F,D
969,9,I,H
971,3,C,F
973,5,H,C
974,6,G,C
975,3,D,G
976,3,E,H
981,7,I,F
983,7,G,D
984,1,B,C
985,9,G,F
986,7,B,I
988,6,B,H
990,3,G,J
991,6,E,A
994,5,H,C
995,7,F,C
1000,7,A,H
1004,5,F,A
1005,7,D,A
1007,9,A,J
1008,4,J,D
1010,6,E,A
1015,2,F,H
1016,7,H,E
1017,9,B,A
1019,1,A,B
1032,3,D,G
1036,5,B,G
1038,4,B,F
1040,2,I,A
1041,1,I,J
1042,6,E,A
1044,5,B,G
1045,6,E,A
1050,2,A,C
1051,9,D,C
1052,4,A,E
1053,3,B,E
1055,2,C,E
1061,5,F,A
1063,1,A,B
1064,1,A,B
1065,3,F,I
1067,8,J,H
1068,7,B,I
1069,4,F,J
1070,2,E,G
1071,8,A,I
1072,3,F,I
1073,7,F,C
1076,5,D,I
1077,4,I,C
1078,2,B,D
1079,9,I,H
1083,6,A,G
1084,2,J,B
1085,6,I,E
1086,5,C,H
1090,6,A,G
1091,8,A,I
1094,8,A,I
1096,2,A,C
1099,1,I,J
1100,2,D,F
1101,6,E,A
1103,6,G,C
1106,9,C,B
1108,5,G,B
1110,9,I,H
1114,1,B,C
1116,9,A,J
1117,7,D,A
1123,8,D,B
1124,5,C,H
1132,2,F,H
1136,6,H,D
1137,3,C,F
1139,6,I,E
1142,9,I,H
1143,5,A,F
1144,6,E,A
1145,2,J,B
1146,6,E,A
1147,4,C,G
1154,2,D,F
1155,1,G,H
1156,3,C,F
1158,8,C,A
1159,4,D,H
1161,4,I,C
1162,2,F,H
1163,6,D,J
1165,7,C,J
1168,8,H,F
1169,6,F,B
1172,6,A,G
1174,2,B,D
1179,1,F,G
1183,1,A,B
1184,3,I,B
1185,8,I,G
1187,1,F,G
1189,1,E,F
1190,5,E,J
1191,2,J,B
1193,4,A,E
1195,9,J,I
1199,8,J,H
1203,5,I,D
1204,6,F,B
1205,6,H,D
1206,3,D,G
1207,3,H,A
1208,9,A,J
1209,5,I,D
1211,4,C,G
1212,3,A,D
1214,7,H,E
1215,7,J,G
1216,3,H,A
1218,2,E,G
1220,3,A,D
1221,4,G,A
1223,6,G,C
1227,4,I,C
1228,8,G,E
1229,7,H,E
1231,8,B,J
1237,7,G,D
1241,3,I,B
1243,3,B,E
1244,5,G,B
1245,8,I,G
1248,8,D,B
1252,5,A,F
1255,1,A,B
1259,8,H,F
1261,8,G,E
1263,5,B,G
1266,2,C,E
1267,7,E,B
1268,8,D,B
1276,1,A,B
1278,9,I,H
1279,7,F,C
1281,1,G,H
1283,7,I,F
1288,8,G,E
1291,9,E,D
1292,8,H,F
1294,4,H,B
1295,5,E,J
1302,5,G,B
1303,2,A,C
1304,2,A,C
1305,7,G,D
1307,8,A,I
1308,8,I,G
1309,5,E,J
1311,8,I,G
1317,6,I,E
1318,2,E,G
1319,7,A,H
1320,9,A,J
1322,5,I,D
1323,4,A,E
1324,6,B,H
1325,7,G,D
1326,8,J,H
1328,5,A,F
1336,8,J,H
1339,6,A,G
1344,2,F,H
1348,7,I,F
1350,4,H,B
1353,9,D,C
1356,9,B,A
1357,7,I,F
1359,1,A,B
1362,4,D,H
1363,6,F,B
1364,8,G,E
1365,8,H,F
1366,3,J,C
1368,3,G,J
1371,1,F,G
1372,2,J,B
1373,4,C,G
1375,3,G,J
1376,6,I,E
1380,3,C,F
1386,3,I,B
1388,3,I,B
1391,5,A,F
1393,7,B,I
1395,4,B,F
1398,5,B,G
1399,8,D,B
1401,8,G,E
1403,5,F,A
1404,3,I,B
1406,1,B,C
1410,2,H,J
1411,8,E,C
1413,1,F,G
1415,6,E,A
1418,8,B,J
1419,6,F,B
1420,6,H,D
1422,9,G,F
1423,2,G,I
1424,3,H,A
1425,9,A,J
1426,5,B,G
1427,4,J,D
1429,1,A,B
1431,8,D,B
1433,7,D,A
1437,6,J,F
1440,2,B,D
1441,8,H,F
1445,1,D,E
1446,8,G,E
1447,2,F,H
1449,4,G,A
1450,4,I,C
1452,4,D,H
1463,9,J,I
1464,6,H,D
1465,7,F,C
1468,7,E,B
1472,2,J,B
1473,2,I,A
1474,7,I,F
1475,5,B,G
1476,2,D,F
1479,6,A,G
1482,3,E,H
1483,9,G,F
1484,6,J,F
1486,1,F,G
1488,6,G,C
1491,9,H,G
1492,3,E,H
1496,1,C,D
1500,2,D,F
1503,4,F,J
1504,6,H,D
1505,3,I,B
1506,6,H,D
1507,8,H,F
1508,5,F,A
1510,1,F,G
1513,9,D,C
1514,4,H,B
1515,3,I,B
1516,8,D,B
1521,1,I,J
1523,1,D,E
1524,8,F,D
1526,4,I,C
1527,4,C,G
1530,1,I,J
1531,8,A,I
1533,1,J,A
1534,7,A,H
1536,6,F,B
1537,2,G,I
1539,4,H,B
1540,3,I,B
1547,8,G,E
1548,7,E,B
1550,9,G,F
1551,4,I,C
1555,6,F,B
1559,2,C,E
1560,8,A,I
1562,7,A,H
1563,2,A,C
1564,6,C,I
1565,6,A,G
1567,2,H,J
1574,2,F,H
1577,4,E,I
1580,1,A,B
1585,8,C,A
1586,3,E,H
1588,4,I,C
1590,7,F,C
1592,4,C,G
1595,5,J,E
1598,3,A,D
1599,1,I,J
1601,6,G,C
1602,7,E,B
1605,4,D,H
1606,6,E,A
1607,6,H,D
1608,1,C,D
1609,8,E,C
1612,8,E,C
1613,9,I,H
1614,1,E,F
1615,3,H,A
1619,4,G,A
1620,3,D,G
1621,2,G,I
1624,5,E,J
1634,3,B,E
1638,6,J,F
1639,8,C,A
1641,3,E,H
1642,3,C,F
1643,1,G,H
1644,2,I,A
1646,8,I,G
1647,7,A,H
1648,8,C,A
1652,9,I,H
1659,7,H,E
1660,8,G,E
1663,5,J,E
1664,5,C,H
1668,8,G,E
1669,2,E,G
1674,2,E,G
1675,6,G,C
1677,4,J,D
1678,2,C,E
1679,9,I,H
1681,5,A,F
1683,6,G,C
1688,4,J,D
1689,8,A,I
1691,7,J,G
1693,3,E,H
1695,1,I,J
1696,1,B,C
1697,2,C,E
1702,4,C,G
1704,5,G,B
1706,2,C,E
1707,5,H,C
1708,7,G,D
1709,9,B,A
1710,1,E,F
1711,8,E,C
1713,6,H,D
1714,8,B,J
1720,6,G,C
1721,3,A,D
1723,4,J,D
1725,6,B,H
1726,8,C,A
1735,8,F,D
1737,7,B,I
1740,8,D,B
1741,6,E,A
1745,2,A,C
1747,9,B,A
1748,8,D,B
1749,9,B,A
1751,1,J,A
1752,5,A,F
1754,4,E,I
1760,6,A,G
1764,4,A,E
1765,1,J,A
1769,7,H,E
1770,1,D,E
1771,1,G,H
1772,2,J,B
1773,2,I,A
1775,4,E,I
1776,5,J,E
1778,9,J,I
1779,1,H,I
1782,4,C,G
1785,3,A,D
1787,7,C,J
1788,2,J,B
1793,2,G,I
1796,5,E,J
1797,5,J,E
1798,4,F,J
1802,4,C,G
1803,6,J,F
1804,1,H,I
1810,6,I,E
1813,4,C,G
1817,5,F,A
1820,8,D,B
1826,3,A,D
1827,2,B,D
1829,1,C,D
1831,9,J,I
1832,7,G,D
1834,8,E,C
1835,4,B,F
1836,7,E,B
1837,2,B,D
1838,8,G,E
1839,6,B,H
1842,9,D,C
1848,2,B,D
1849,3,E,H
1851,5,G,B
1852,4,H,B
1853,6,J,F
1854,7,F,C
1855,1,H,I
1857,1,J,A
1860,2,F,H
1864,6,J,F
1868,1,C,D
1869,5,E,J
1871,4,H,B
1873,4,A,E
1876,6,E,A
1878,1,E,F
1879,7,I,F
1886,7,I,F
1891,7,H,E
1892,7,A,H
1895,1,C,D
1898,4,G,A
1914,8,C,A
1915,8,C,A
1917,6,A,G
1918,1,H,I
1919,7,I,F
1928,9,E,D
1931,4,C,G
1932,6,D,J
1935,3,H,A
1936,7,I,F
1940,3,G,J
1942,2,I,A
1943,4,G,A
1944,2,E,G
1947,4,F,J
1949,4,D,H
1953,4,A,E
1954,8,B,J
1956,8,H,F
1962,9,D,C
1964,5,G,B
1965,4,J,D
1966,3,G,J
1967,8,E,C
1968,7,G,D
1970,9,F,E
1971,8,D,B
1977,7,H,E
1982,1,G,H
1983,9,I,H
1984,1,A,B
1990,6,B,H
1993,8,J,H
1995,9,G,F
1998,9,B,A
2003,7,C,J
2004,7,E,B
2005,2,D,F
2006,5,A,F
2008,4,A,E
2009,3,H,A
2010,8,A,I
2011,6,C,I
2013,2,A,C
2014,1,B,C
2015,1,J,A
2016,1,C,D
2018,5,J,E
2019,7,I,F
2020,1,B,C
2021,5,I,D
2022,7,I,F
2023,5,E,J
2024,8,G,E
2027,8,G,E
2028,4,G,A
2030,8,F,D
2032,5,I,D
2034,1,H,I
2035,5,F,A
2036,2,F,H
2037,1,F,G
2042,7,I,F
2045,8,A,I
2048,3,F,I
2049,6,B,H
2050,1,D,E
2051,5,F,A
2053,3,F,I
2054,2,B,D
2055,1,G,H
2058,8,C,A
2059,9,C,B
2063,9,G,F
2064,7,E,B
2065,7,H,E
2066,5,E,J
2067,2,B,D
2068,5,I,D
2071,3,D,G
2072,4,B,F
2073,4,C,G
2074,1,C,D
2077,3,F,I
2078,2,J,B
2080,1,D,E
2081,3,G,J
2082,4,F,J
2084,4,G,A
2085,8,B,J
2087,8,G,E
2088,5,J,E
2089,7,E,B
2090,7,J,G
2091,9,J,I
2092,8,E,C
2096,7,A,H
2097,5,B,G
2101,6,A,G
2102,6,B,H
2104,9,J,I
2106,9,G,F
2110,9,J,I
2111,4,A,E
2114,9,J,I
2115,2,I,A
2116,6,B,H
2118,8,J,H
2119,1,E,F
2120,2,F,H
2121,6,F,B
2122,3,A,D
2123,2,B,D
2124,1,G,H
2125,3,E,H
2126,9,A,J
2127,9,B,A
2128,3,I,B
2130,8,E,C
2132,8,C,A
2133,9,H,G
2134,9,J,I
2137,3,A,D
2138,7,D,A
2139,4,A,E
2143,8,G,E
2144,4,D,H
2147,3,J,C
2148,9,F,E
2150,4,F,J
2152,9,B,A
2153,3,D,G
2159,7,H,E
2160,2,E,G
2161,9,B,A
2162,6,D,J
2163,9,H,G
2166,2,G,I
2167,4,I,C
2168,5,G,B
2170,5,H,C
2171,1,E,F
2172,1,E,F
2173,3,D,G
2174,4,A,E
2175,6,G,C
2176,1,A,B
2178,8,F,D
2179,2,F,H
2180,6,H,D
2183,8,B,J
2185,2,D,F
2187,6,D,J
2188,9,J,I
2189,4,J,D
2191,4,E,I
2193,2,B,D
2194,1,C,D
2196,7,I,F
2198,7,E,B
2201,6,F,B
2202,7,G,D
2203,6,J,F
2207,2,J,B
2208,3,C,F
2209,2,G,I
2212,6,H,D
2214,2,H,J
2215,7,E,B
2217,5,B,G
2218,5,C,H
2219,4,I,C
2220,9,G,F
2221,2,C,E
2222,9,B,A
2225,8,J,H
2226,8,D,B
2228,5,J,E
2229,6,C,I
2230,9,E,D
2232,1,G,H
2234,6,C,I
2240,8,H,F
2241,5,J,E
2242,3,F,I
2245,3,A,D
2247,4,I,C
2251,5,A,F
2252,8,G,E
2254,9,E,D
2257,1,D,E
2260,6,F,B
2261,7,E,B
2264,2,G,I
2265,4,G,A
2267,3,C,F
2269,3,G,J
2273,5,G,B
2276,5,H,C
2277,2,B,D
2278,8,I,G
2279,5,A,F
2280,3,F,I
2281,8,C,A
2282,7,H,E
2283,7,H,E
2285,9,G,F
2288,7,A,H
2289,8,G,E
2291,6,C,I
2292,1,E,F
2294,2,F,H
2295,4,J,D
2297,4,B,F
2298,9,G,F
2300,3,A,D
2302,9,E,D
2303,8,I,G
2304,7,C,J
2305,4,J,D
2306,4,F,J
2308,6,H,D
2309,7,H,E
2310,5,C,H
2312,4,E,I
2316,3,B,E
2319,9,B,A
2321,9,J,I
2324,9,G,F
2326,6,J,F
2327,3,E,H
2329,6,C,I
2330,4,E,I
2331,3,I,B
2333,3,E,H
2335,8,F,D
2339,9,H,G
2340,6,J,F
2343,3,A,D
2344,1,C,D
2345,4,F,J
2346,7,G,D
2347,3,F,I
2349,7,A,H
2351,1,B,C
2355,3,B,E
2357,9,I,H
2358,5,B,G
2359,4,I,C
2360,7,D,A
2361,1,A,B
2362,7,D,A
2363,6,A,G
2364,6,B,H
2365,3,J,C
2366,9,F,E
2368,8,C,A
2371,6,D,J
2372,9,D,C
2374,3,E,H
2377,1,J,A
2381,1,D,E
2382,6,D,J
2383,9,H,G
2387,9,A,J
2390,7,H,E
2392,8,I,G
2393,4,F,J
2394,3,A,D
2397,6,G,C
2398,9,H,G
2399,6,F,B
2400,6,B,H
2401,7,I,F
2403,9,J,I
2404,1,D,E
2405,6,E,A
2406,1,B,C
2407,1,A,B
2408,6,I,E
2409,9,E,D
2410,5,C,H
2411,9,E,D
2412,8,C,A
2413,3,I,B
2414,2,C,E
2416,1,J,A
2417,9,J,I
2418,1,H,I
2419,4,F,J
2420,6,A,G
2421,5,D,I
2422,8,B,J
2423,4,C,G
2424,5,I,D
2425,7,B,I
2426,8,H,F
2429,6,B,H
2430,6,G,C
2432,7,E,B
2434,3,F,I
2437,3,B,E
2438,1,B,C
2441,6,E,A
2442,7,G,D
2443,9,H,G
2448,3,I,B
2449,6,E,A
2450,5,G,B
2451,3,D,G
2452,3,J,C
2455,4,C,G
2458,6,F,B
2459,8,J,H
2460,7,D,A
2461,5,H,C
2463,3,C,F
2464,8,G,E
2467,8,G,E
2468,2,G,I
2470,1,C,D
2471,9,C,B
2472,1,I,J
2474,6,B,H
2475,7,C,J
2476,6,C,I
2479,6,I,E
2480,9,B,A
2481,9,D,C
2482,5,I,D
2484,9,G,F
2485,6,A,G
2486,6,F,B
2489,2,H,J
2490,6,C,I
2491,4,H,B
2492,4,A,E
2493,9,I,H
2494,9,G,F
2495,1,D,E
2497,4,A,E
2499,7,D,A
2500,6,F,B
2501,3,C,F
2502,8,C,A
2503,7,J,G
2504,9,H,G
2507,6,E,A
2508,8,E,C
2512,6,E,A
2513,7,F,C
2514,8,I,G
2515,5,B,G
2516,5,H,C
2519,8,J,H
2520,3,G,J
2522,6,H,D
2524,8,G,E
2527,4,H,B
2528,1,J,A
2530,2,C,E
2532,8,B,J
2533,8,E,C
2534,4,A,E
2535,6,D,J
2536,2,J,B
2540,8,G,E
2541,5,B,G
2542,6,H,D
2543,8,H,F
2545,7,H,E
2546,8,I,G
2548,1,G,H
2549,8,D,B
2551,2,D,F
2552,7,B,I
2554,9,A,J
2556,5,A,F
2557,5,H,C
2558,5,J,E
2560,7,A,H
2562,2,D,F
2564,7,D,A
2566,6,B,H
2568,7,E,B
2569,3,A,D
2571,5,E,J
2572,6,G,C
2573,5,B,G
2577,8,H,F
2578,8,A,I
2579,2,B,D
2581,5,B,G
2584,2,I,A
2586,2,C,E
2587,5,C,H
2588,5,C,H
2589,2,C,E
2590,1,B,C
2591,8,G,E
2593,9,F,E
2596,9,G,F
2597,9,A,J
2598,2,F,H
2599,1,A,B
2600,3,B,E
2601,1,J,A
2603,7,D,A
2604,7,D,A
2605,2,H,J
2606,5,F,A
2609,6,B,H
2610,7,J,G
2611,5,G,B
2612,9,E,D
2613,4,E,I
2614,6,G,C
2616,5,B,G
2617,6,C,I
2618,2,F,H
2619,7,F,C
2620,5,H,C
2621,5,F,A
2622,4,A,E
2625,7,G,D
2626,9,J,I
2632,7,E,B
2635,2,J,B
2639,9,H,G
2642,9,A,J
2644,8,J,H
2645,3,J,C
2646,4,I,C
2647,4,J,D
2649,4,I,C
2650,9,H,G
2651,8,D,B
2652,3,B,E
2653,2,G,I
2654,7,H,E
2655,3,A,D
2657,1,C,D
2658,8,G,E
2659,3,I,B
2661,6,B,H
2663,5,C,H
2666,7,B,I
2667,6,J,F
2668,2,E,G
2671,8,A,I
2672,8,E,C
2673,3,A,D
2674,7,F,C
2675,1,B,C
2677,1,H,I
2678,3,F,I
2679,7,G,D
2681,8,I,G
2682,6,H,D
2684,7,F,C
2687,3,D,G
2688,8,D,B
2692,6,G,C
2694,9,F,E
2695,4,E,I
2696,2,E,G
2699,7,C,J
2702,3,C,F
2703,1,H,I
2704,2,H,J
2709,4,J,D
2711,5,E,J
2712,2,H,J
2713,3,C,F
2714,6,B,H
2716,1,C,D
2718,8,H,F
2719,8,D,B
2724,9,D,C
2725,4,F,J
2727,1,D,E
2728,2,J,B
2731,2,I,A
2732,5,E,J
2733,1,B,C
2735,1,B,C
2736,8,D,B
2737,7,F,C
2739,7,H,E
2741,7,F,C
2742,2,H,J
2743,4,D,H
2744,2,F,H
2745,1,F,G
2746,5,I,D
2747,1,E,F
2748,4,F,J
2749,4,C,G
2750,8,B,J
2751,5,G,B
2752,6,D,J
2753,5,I,D
2754,7,H,E
2756,7,E,B
2758,8,I,G
2762,3,B,E
2763,5,D,I
2765,8,E,C
2766,8,I,G
2768,6,H,D
2769,9,E,D
2770,5,G,B
2775,7,G,D
2778,9,A,J
2781,1,D,E
2782,7,D,A
2783,4,I,C
2784,5,A,F
2785,2,E,G
2786,3,B,E
2787,1,G,H
2788,6,B,H
2789,3,G,J
2790,5,F,A
2792,4,E,I
2794,9,B,A
2797,8,H,F
2798,2,B,D
2799,9,I,H
2800,7,C,J
2802,3,G,J
6827,6,A,G
6829,5,I,D
6833,5,B,G
6834,4,I,C
6836,7,E,B
6837,5,A,F
6839,6,D,J
6840,8,G,E
6842,8,A,I
6843,8,E,C
6844,3,H,A
6846,3,A,D
6853,9,F,E
6854,5,I,D
6857,3,A,D
6858,6,C,I
6859,5,G,B
6860,1,J,A
6864,7,D,A
6865,5,H,C
6866,4,G,A
6867,9,C,B
6869,5,C,H
6872,5,C,H
6873,9,I,H
6875,1,A,B
6876,3,A,D
6877,3,E,H
6878,8,C,A
6879,9,G,F
6880,5,D,I
6881,4,G,A
6882,6,J,F
6883,2,C,E
6887,6,I,E
6888,9,G,F
6889,3,H,A
6894,7,F,C
6895,1,J,A
6896,1,F,G
6897,4,B,F
6900,6,C,I
6905,4,I,C
6906,3,E,H
6908,5,C,H
6909,8,C,A
6910,8,J,H
6912,3,B,E
6913,8,C,A
6917,2,J,B
6918,9,A,J
6919,5,A,F
6921,7,A,H
6923,9,B,A
6929,5,B,G
6930,8,G,E
6931,2,C,E
6932,4,I,C
6933,5,C,H
6934,2,E,G
6935,8,G,E
6936,2,E,G
6937,9,E,D
6938,3,D,G
6939,4,H,B
6940,4,B,F
6941,1,J,A
6944,8,A,I
6946,8,H,F
6947,5,I,D
6948,8,D,B
6950,8,J,H
6951,1,J,A
6952,9,F,E
6953,6,I,E
6955,3,G,J
6956,1,H,I
6958,2,B,D
6959,5,G,B
6965,9,B,A
6966,1,A,B
6970,1,B,C
6971,2,J,B
6973,5,F,A
6974,9,A,J
6975,2,E,G
6976,7,B,I
6977,5,I,D
6978,8,G,E
6979,7,E,B
6980,1,G,H
6981,3,J,C
6982,8,H,F
6984,9,F,E
6986,1,A,B
6987,6,H,D
6988,4,E,I
6996,1,A,B
6998,9,H,G
6999,5,A,F
7000,7,H,E
7002,7,C,J
7003,5,A,F
7005,3,I,B
7009,4,D,H
7012,6,B,H
7014,8,B,J
7015,9,E,D
7018,2,E,G
7019,7,F,C
7020,7,J,G
7021,7,C,J
7022,5,J,E
7023,7,C,J
7026,6,E,A
7027,1,B,C
7032,1,C,D
7033,5,I,D
7034,3,D,G
7035,6,H,D
7037,8,F,D
7038,6,E,A
7040,4,I,C
7041,8,A,I
7042,9,H,G
7043,4,C,G
7044,6,C,I
7050,8,B,J
7051,5,J,E
7052,9,D,C
7053,4,G,A
7054,2,C,E
7056,4,C,G
7057,2,G,I
7059,2,I,A
7064,7,A,H
7065,9,J,I
7066,3,C,F
7068,8,D,B
7073,1,E,F
7075,7,F,C
7076,3,J,C
7077,7,J,G
7078,4,F,J
7079,9,F,E
7081,2,D,F
7082,1,J,A
7083,7,A,H
7086,2,F,H
7087,7,B,I
7088,2,I,A
7089,8,H,F
7090,5,J,E
7091,9,E,D
7092,4,G,A
7093,9,B,A
7094,9,I,H
7097,9,B,A
7107,2,B,D
7108,4,H,B
7109,2,F,H
7110,1,I,J
7111,5,F,A
7112,4,G,A
7114,2,G,I
7115,8,A,I
7116,3,J,C
7119,6,J,F
7123,8,F,D
7124,1,B,C
7126,6,J,F
7127,1,F,G
7128,9,J,I
7129,3,I,B
7133,2,C,E
7134,3,B,E
7135,4,D,H
7136,7,H,E
7137,8,H,F
7138,7,D,A
7139,1,I,J
7140,2,A,C
7142,8,C,A
7146,9,D,C
7147,4,D,H
7148,4,G,A
7149,1,D,E
7150,9,H,G
7153,5,C,H
7158,7,G,D
7159,4,H,B
7160,7,D,A
7165,7,F,C
7167,9,J,I
7169,3,C,F
7170,1,H,I
7172,4,B,F
7174,2,D,F
7175,4,B,F
7176,2,D,F
7177,9,C,B
7181,3,D,G
7182,9,F,E
7183,8,A,I
7186,6,D,J
7188,9,A,J
7191,9,A,J
7194,2,B,D
7196,9,B,A
7198,9,G,F
7200,7,B,I
7201,6,H,D
7203,9,G,F
7204,8,C,A
7208,1,E,F
7210,5,F,A
7211,5,F,A
7213,5,J,E
7215,4,A,E
7216,3,A,D
7217,7,B,I
7218,2,E,G
7219,2,G,I
7223,4,A,E
7225,3,H,A
7228,3,C,F
7233,2,A,C
7234,5,A,F
7235,8,I,G
7236,5,D,I
7237,4,I,C
7238,8,E,C
7239,5,F,A
7240,1,B,C
7241,3,I,B
7243,5,D,I
7245,5,B,G
7246,5,B,G
7248,9,A,J
7249,4,J,D
7250,4,G,A
7251,8,E,C
7253,4,A,E
7256,2,D,F
7258,9,J,I
7259,1,C,D
7260,8,G,E
7262,1,B,C
7263,8,F,D
7264,2,J,B
7265,7,E,B
7266,2,I,A
7267,3,I,B
7268,7,H,E
7269,2,C,E
7270,8,E,C
7271,2,H,J
7273,3,B,E
7275,5,E,J
7277,8,B,J
7278,5,J,E
7279,6,E,A
7280,6,F,B
7282,8,F,D
7283,4,E,I
7284,6,C,I
7285,9,E,D
7286,3,H,A
7287,4,I,C
7290,4,J,D
7291,3,G,J
7295,5,A,F
7296,2,D,F
7297,5,I,D
7298,4,D,H
7299,3,H,A
7300,6,G,C
7302,9,G,F
7304,8,C,A
7309,5,J,E
7310,9,I,H
7313,1,E,F
7314,8,J,H
7315,3,H,A
7317,2,F,H
7318,4,F,J
7325,5,C,H
7326,2,E,G
7327,1,C,D
7328,3,A,D
7329,8,B,J
7331,1,F,G
7339,6,F,B
7341,1,F,G
7342,3,F,I
7344,2,J,B
7345,4,G,A
7346,5,C,H
7348,9,I,H
7351,6,F,B
7352,4,F,J
7358,1,A,B
7359,8,B,J
7360,1,H,I
7361,4,I,C
7363,9,G,F
7365,7,F,C
7366,2,D,F
7370,5,E,J
7371,3,C,F
7372,9,F,E
7374,6,J,F
7375,4,I,C
7376,1,H,I
7377,6,F,B
7380,8,F,D
7383,8,G,E
7384,9,B,A
7385,5,H,C
7386,3,G,J
7388,6,A,G
7391,8,A,I
7392,5,B,G
7393,4,J,D
7394,3,C,F
7396,1,G,H
7398,8,F,D
7399,3,I,B
7400,9,C,B
7402,1,B,C
7403,3,B,E
7404,5,J,E
7405,9,C,B
7406,2,J,B
7407,5,G,B
7408,2,A,C
7409,4,C,G
7410,9,D,C
7411,6,D,J
7412,3,J,C
7415,2,H,J
7417,2,I,A
7418,9,D,C
7419,8,J,H
7428,9,F,E
7429,7,E,B
7430,8,H,F
7431,8,E,C
7433,3,H,A
7434,2,G,I
7436,1,D,E
7437,3,A,D
7439,4,G,A
7442,1,I,J
7443,3,F,I
7444,9,A,J
7445,6,I,E
7447,5,J,E
7449,4,G,A
7450,3,H,A
7452,1,C,D
7453,3,I,B
7456,5,F,A
7459,9,C,B
7460,3,G,J
7461,1,G,H
7464,8,H,F
7466,8,H,F
7469,9,G,F
7470,9,E,D
7471,3,C,F
7473,2,H,J
7474,3,A,D
7477,9,I,H
7479,2,J,B
7483,4,I,C
7484,5,B,G
7485,6,F,B
7492,9,I,H
7493,1,G,H
7494,1,J,A
7496,1,G,H
7500,5,H,C
7501,8,G,E
7502,1,F,G
7504,6,C,I
7505,4,J,D
7508,7,C,J
7509,9,E,D
7510,1,I,J
7512,9,J,I
7514,2,C,E
7516,1,A,B
7521,2,H,J
7522,8,F,D
7523,3,C,F
7524,3,I,B
7525,4,C,G
7526,8,B,J
7529,5,G,B
7530,7,I,F
7532,2,A,C
7533,3,E,H
7534,8,H,F
7536,7,F,C
7537,4,B,F
7538,7,B,I
7539,6,C,I
7540,4,G,A
7542,4,A,E
7543,6,H,D
7544,5,I,D
7545,6,A,G
7546,7,A,H
7547,8,G,E
7548,2,B,D
7549,5,D,I
7550,1,I,J
7551,3,D,G
7552,1,C,D
7554,3,E,H
7556,2,D,F
7560,3,J,C
7561,3,G,J
7562,7,E,B
7564,2,D,F
7565,5,D,I
7566,7,C,J
7567,3,E,H
7568,5,D,I
7572,5,E,J
7573,7,F,C
7575,6,D,J
7580,8,J,H
7582,6,E,A
7583,3,E,H
7584,9,J,I
7586,6,G,C
7590,2,A,C
7592,8,G,E
7593,4,B,F
7594,1,C,D
7596,7,G,D
7599,5,J,E
7600,7,C,J
7602,1,B,C
7603,3,B,E
7604,6,A,G
7606,7,H,E
7607,1,J,A
7608,5,D,I
7610,9,A,J
7611,7,E,B
7613,3,G,J
7614,9,J,I
7617,8,D,B
7618,4,A,E
7619,5,B,G
7620,1,G,H
7621,4,A,E
7622,1,B,C
7623,1,D,E
7626,2,G,I
7629,2,A,C
7630,1,I,J
7632,9,D,C
7634,9,H,G
7638,7,E,B
7639,4,D,H
7640,1,G,H
7641,7,A,H
7644,3,D,G
7645,8,D,B
7646,3,J,C
7648,4,I,C
7649,5,G,B
7650,1,H,I
7651,7,B,I
7655,5,F,A
7656,9,J,I
7657,4,D,H
7658,9,I,H
7662,5,F,A
7664,3,B,E
7665,5,E,J
7667,5,B,G
7669,3,E,H
7670,1,H,I
7671,8,J,H
7672,3,H,A
7673,6,E,A
7674,6,A,G
7675,2,H,J
7676,2,B,D
7677,4,E,I
7678,2,B,D
7679,8,B,J
7681,6,F,B
7684,4,I,C
7686,7,J,G
