item_id,domain,b_orig_response,b_perm_response,shift_k,classification
866,law,B,F,1,other
867,law,E,F,4,other
871,law,C,G,5,other
872,law,F,E,1,other
873,law,B,E,3,shifted_content
874,law,F,F,7,same_letter
876,law,E,F,1,shifted_content
879,law,F,E,3,other
885,law,G,B,5,shifted_content
889,law,F,E,4,other
890,law,H,H,5,same_letter
894,law,E,E,1,same_letter
895,law,E,E,4,same_letter
896,law,E,F,9,other
899,law,F,E,9,shifted_content
902,law,E,E,6,same_letter
903,law,F,E,3,other
905,law,C,E,5,other
907,law,F,E,6,other
908,law,E,G,4,other
909,law,A,F,5,shifted_content
913,law,E,E,3,same_letter
915,law,E,F,1,shifted_content
917,law,F,F,4,same_letter
918,law,F,B,6,shifted_content
919,law,F,E,6,other
922,law,E,E,6,same_letter
923,law,E,G,5,other
924,law,F,E,5,other
925,law,E,E,2,same_letter
933,law,E,E,5,same_letter
937,law,E,E,6,same_letter
939,law,G,F,4,other
942,law,F,F,3,same_letter
943,law,E,E,6,same_letter
944,law,E,E,5,same_letter
946,law,G,F,6,other
952,law,F,E,7,other
954,law,F,E,6,other
955,law,E,E,8,same_letter
958,law,F,F,3,same_letter
959,law,G,F,6,other
965,law,G,E,8,shifted_content
969,law,F,E,9,shifted_content
971,law,C,F,3,shifted_content
973,law,E,E,5,same_letter
974,law,F,B,6,shifted_content
975,law,G,F,3,other
976,law,F,F,3,same_letter
981,law,C,F,7,other
983,law,C,E,7,other
984,law,F,E,1,other
985,law,E,E,9,same_letter
986,law,E,F,7,other
988,law,E,E,6,same_letter
990,law,E,E,3,same_letter
991,law,E,G,6,other
994,law,F,F,5,same_letter
995,law,E,E,7,same_letter
1000,law,E,F,7,other
1004,law,F,E,5,other
1005,law,E,F,7,other
1007,law,E,E,9,same_letter
1008,law,E,E,4,same_letter
1010,law,E,E,6,same_letter
1015,law,F,F,2,same_letter
1016,law,A,E,7,other
1017,law,G,F,9,shifted_content
1019,law,E,F,1,shifted_content
1032,law,B,E,3,shifted_content
1036,law,E,E,5,same_letter
1038,law,E,F,4,other
1040,law,F,A,2,other
1041,law,F,F,1,same_letter
1042,law,E,E,6,same_letter
1044,law,E,E,5,same_letter
1045,law,G,E,6,other
1050,law,E,E,2,same_letter
1051,law,F,E,9,shifted_content
1052,law,E,E,4,same_letter
1053,law,E,E,3,same_letter
1055,law,G,J,2,other
1061,law,F,D,5,other
1063,law,F,F,1,same_letter
1064,law,E,E,1,same_letter
1065,law,F,E,3,other
1067,law,C,F,8,other
1068,law,F,F,7,same_letter
1069,law,F,F,4,same_letter
1070,law,E,F,2,other
1071,law,E,E,8,same_letter
1072,law,F,G,3,other
1073,law,E,E,7,same_letter
1076,law,F,E,5,other
1077,law,F,F,4,same_letter
1078,law,E,E,2,same_letter
1079,law,E,F,9,other
1083,law,E,E,6,same_letter
1084,law,D,F,2,shifted_content
1085,law,E,E,6,same_letter
1086,law,E,E,5,same_letter
1090,law,F,G,6,other
1091,law,I,G,8,shifted_content
1094,law,D,H,8,other
1096,law,G,E,2,other
1099,law,E,E,1,same_letter
1100,law,F,F,2,same_letter
1101,law,F,B,6,shifted_content
1103,law,J,F,6,shifted_content
1106,law,E,F,9,other
1108,law,G,G,5,same_letter
1110,law,I,H,9,shifted_content
1114,law,C,D,1,shifted_content
1116,law,E,E,9,same_letter
1117,law,E,E,7,same_letter
1123,law,F,F,8,same_letter
1124,law,F,F,5,same_letter
1132,law,E,E,2,same_letter
1136,law,E,E,6,same_letter
1137,law,F,E,3,other
1139,law,E,E,6,same_letter
1142,law,G,F,9,shifted_content
1143,law,E,G,5,other
1144,law,E,E,6,same_letter
1145,law,I,B,2,other
1146,law,E,G,6,other
1147,law,G,E,4,other
1154,law,F,E,2,other
1155,law,G,E,1,other
1156,law,C,F,3,shifted_content
1158,law,G,E,8,shifted_content
1159,law,E,E,4,same_letter
1161,law,F,F,4,same_letter
1162,law,G,B,2,other
1163,law,G,C,6,shifted_content
1165,law,E,E,7,same_letter
1168,law,E,E,8,same_letter
1169,law,E,F,6,other
1172,law,E,G,6,other
1174,law,E,E,2,same_letter
1179,law,E,F,1,shifted_content
1183,law,I,G,1,other
1184,law,E,E,3,same_letter
1185,law,F,F,8,same_letter
1187,law,F,E,1,other
1189,law,C,E,1,other
1190,law,I,E,5,other
1191,law,F,E,2,other
1193,law,E,G,4,other
1195,law,F,E,9,shifted_content
1199,law,E,F,8,other
1203,law,F,F,5,same_letter
1204,law,F,F,6,same_letter
1205,law,E,E,6,same_letter
1206,law,F,E,3,other
1207,law,E,B,3,other
1208,law,F,E,9,shifted_content
1209,law,H,E,5,other
1211,law,F,E,4,other
1212,law,E,F,3,other
1214,law,E,E,7,same_letter
1215,law,F,F,7,same_letter
1216,law,F,F,3,same_letter
1218,law,E,F,2,other
1220,law,E,E,3,same_letter
1221,law,F,F,4,same_letter
1223,law,F,E,6,other
1227,law,F,E,4,other
1228,law,E,F,8,other
1229,law,E,E,7,same_letter
1231,law,G,E,8,shifted_content
1237,law,E,G,7,other
1241,law,G,E,3,other
1243,law,E,E,3,same_letter
1244,law,E,E,5,same_letter
1245,law,F,E,8,other
1248,law,F,F,8,same_letter
1252,law,F,F,5,same_letter
1255,law,J,F,1,other
1259,law,E,E,8,same_letter
1261,law,C,E,8,other
1263,law,E,E,5,same_letter
1266,law,E,F,2,other
1267,law,D,F,7,other
1268,law,E,E,8,same_letter
1276,law,F,E,1,other
1278,law,F,F,9,same_letter
1279,law,F,E,7,other
1281,law,E,B,1,other
1283,law,E,F,7,other
1288,law,E,F,8,other
1291,law,F,E,9,shifted_content
1292,law,E,E,8,same_letter
1294,law,H,F,4,other
1295,law,E,J,5,shifted_content
1302,law,G,G,5,same_letter
1303,law,G,F,2,other
1304,law,E,E,2,same_letter
1305,law,G,E,7,other
1307,law,E,F,8,other
1308,law,C,F,8,other
1309,law,E,E,5,same_letter
1311,law,G,F,8,other
1317,law,F,E,6,other
1318,law,E,F,2,other
1319,law,F,F,7,same_letter
1320,law,E,F,9,other
1322,law,E,H,5,other
1323,law,F,E,4,other
1324,law,E,E,6,same_letter
1325,law,G,F,7,other
1326,law,E,H,8,other
1328,law,E,E,5,same_letter
1336,law,E,E,8,same_letter
1339,law,G,C,6,shifted_content
1344,law,G,E,2,other
1348,law,F,F,7,same_letter
1350,law,G,F,4,other
1353,law,D,C,9,shifted_content
1356,law,E,B,9,other
1357,law,E,E,7,same_letter
1359,law,E,F,1,shifted_content
1362,law,G,E,4,other
1363,law,G,F,6,other
1364,law,G,E,8,shifted_content
1365,law,C,E,8,other
1366,law,E,E,3,same_letter
1368,law,F,F,3,same_letter
1371,law,F,F,1,same_letter
1372,law,E,E,2,same_letter
1373,law,F,E,4,other
1375,law,E,E,3,same_letter
1376,law,I,E,6,shifted_content
1380,law,E,F,3,other
1386,law,F,E,3,other
1388,law,E,E,3,same_letter
1391,law,F,F,5,same_letter
1393,law,E,E,7,same_letter
1395,law,E,F,4,other
1398,law,F,E,5,other
1399,law,G,E,8,shifted_content
1401,law,E,E,8,same_letter
1403,law,F,E,5,other
1404,law,E,E,3,same_letter
1406,law,F,E,1,other
1410,law,G,E,2,other
1411,law,E,E,8,same_letter
1413,law,F,G,1,shifted_content
1415,law,E,E,6,same_letter
1418,law,F,F,8,same_letter
1419,law,E,F,6,other
1420,law,G,G,6,same_letter
1422,law,E,F,9,other
1423,law,E,F,2,other
1424,law,I,B,3,shifted_content
1425,law,E,F,9,other
1426,law,E,E,5,same_letter
1427,law,E,G,4,other
1429,law,E,G,1,other
1431,law,F,C,8,other
1433,law,F,E,7,other
1437,law,E,F,6,other
1440,law,E,E,2,same_letter
1441,law,F,F,8,same_letter
1445,law,E,E,1,same_letter
1446,law,F,F,8,same_letter
1447,law,E,G,2,shifted_content
1449,law,E,E,4,same_letter
1450,law,E,I,4,shifted_content
1452,law,F,B,4,other
1463,law,E,F,9,other
1464,law,F,F,6,same_letter
1465,law,E,E,7,same_letter
1468,law,E,E,7,same_letter
1472,law,F,E,2,other
1473,law,E,E,2,same_letter
1474,law,F,E,7,other
1475,law,E,E,5,same_letter
1476,law,E,F,2,other
1479,law,F,G,6,other
1482,law,E,F,3,other
1483,law,E,E,9,same_letter
1484,law,F,F,6,same_letter
1486,law,F,E,1,other
1488,law,E,E,6,same_letter
1491,law,H,G,9,shifted_content
1492,law,E,H,3,shifted_content
1496,law,F,E,1,other
1500,law,E,F,2,other
1503,law,B,C,4,other
1504,law,E,E,6,same_letter
1505,law,I,C,3,other
1506,law,E,E,6,same_letter
1507,law,E,E,8,same_letter
1508,law,E,E,5,same_letter
1510,law,I,E,1,other
1513,law,E,F,9,other
1514,law,G,E,4,other
1515,law,E,E,3,same_letter
1516,law,G,E,8,shifted_content
1521,law,F,G,1,shifted_content
1523,law,E,E,1,same_letter
1524,law,F,F,8,same_letter
1526,law,E,E,4,same_letter
1527,law,E,I,4,shifted_content
1530,law,G,E,1,other
1531,law,E,G,8,other
1533,law,E,E,1,same_letter
1534,law,E,E,7,same_letter
1536,law,H,E,6,other
1537,law,F,E,2,other
1539,law,E,E,4,same_letter
1540,law,G,E,3,other
1547,law,E,G,8,other
1548,law,E,E,7,same_letter
1550,law,G,F,9,shifted_content
1551,law,F,E,4,other
1555,law,E,F,6,other
1559,law,C,E,2,shifted_content
1560,law,D,F,8,other
1562,law,E,F,7,other
1563,law,F,F,2,same_letter
1564,law,E,I,6,other
1565,law,E,E,6,same_letter
1567,law,E,E,2,same_letter
1574,law,E,E,2,same_letter
1577,law,E,I,4,shifted_content
1580,law,E,F,1,shifted_content
1585,law,F,E,8,other
1586,law,F,F,3,same_letter
1588,law,F,E,4,other
1590,law,C,F,7,other
1592,law,E,F,4,other
1595,law,F,G,5,other
1598,law,E,G,3,other
1599,law,E,G,1,other
1601,law,F,B,6,shifted_content
1602,law,I,F,7,shifted_content
1605,law,F,E,4,other
1606,law,E,E,6,same_letter
1607,law,E,E,6,same_letter
1608,law,F,E,1,other
1609,law,E,E,8,same_letter
1612,law,F,E,8,other
1613,law,F,F,9,same_letter
1614,law,E,E,1,same_letter
1615,law,I,C,3,other
1619,law,F,F,4,same_letter
1620,law,D,G,3,shifted_content
1621,law,E,E,2,same_letter
1624,law,I,D,5,shifted_content
1634,law,F,F,3,same_letter
1638,law,G,F,6,other
1639,law,F,F,8,same_letter
1641,law,G,F,3,other
1642,law,E,G,3,other
1643,law,E,E,1,same_letter
1644,law,E,E,2,same_letter
1646,law,E,E,8,same_letter
1647,law,E,G,7,other
1648,law,E,F,8,other
1652,law,F,F,9,same_letter
1659,law,C,E,7,other
1660,law,E,E,8,same_letter
1663,law,H,F,5,other
1664,law,F,F,5,same_letter
1668,law,E,B,8,other
1669,law,E,E,2,same_letter
1674,law,E,E,2,same_letter
1675,law,B,D,6,other
1677,law,I,E,4,other
1678,law,E,I,2,other
1679,law,G,F,9,shifted_content
1681,law,E,E,5,same_letter
1683,law,E,E,6,same_letter
1688,law,E,E,4,same_letter
1689,law,E,B,8,other
1691,law,E,G,7,other
1693,law,E,E,3,same_letter
1695,law,F,E,1,other
1696,law,E,F,1,shifted_content
1697,law,F,E,2,other
1702,law,B,F,4,shifted_content
1704,law,F,F,5,same_letter
1706,law,C,E,2,shifted_content
1707,law,F,F,5,same_letter
1708,law,F,F,7,same_letter
1709,law,E,I,9,other
1710,law,E,F,1,shifted_content
1711,law,F,G,8,other
1713,law,C,F,6,other
1714,law,E,E,8,same_letter
1720,law,F,F,6,same_letter
1721,law,F,D,3,other
1723,law,F,F,4,same_letter
1725,law,E,E,6,same_letter
1726,law,E,F,8,other
1735,law,F,E,8,other
1737,law,E,F,7,other
1740,law,I,G,8,shifted_content
1741,law,E,F,6,other
1745,law,F,F,2,same_letter
1747,law,E,E,9,same_letter
1748,law,E,F,8,other
1749,law,E,F,9,other
1751,law,E,E,1,same_letter
1752,law,I,E,5,other
1754,law,E,F,4,other
1760,law,I,E,6,shifted_content
1764,law,F,E,4,other
1765,law,G,F,1,other
1769,law,E,F,7,other
1770,law,E,E,1,same_letter
1771,law,G,E,1,other
1772,law,E,F,2,other
1773,law,F,E,2,other
1775,law,E,E,4,same_letter
1776,law,F,E,5,other
1778,law,E,C,9,other
1779,law,E,E,1,same_letter
1782,law,E,G,4,other
1785,law,E,F,3,other
1787,law,G,E,7,other
1788,law,E,G,2,shifted_content
1793,law,E,E,2,same_letter
1796,law,E,E,5,same_letter
1797,law,F,F,5,same_letter
1798,law,F,E,4,other
1802,law,E,G,4,other
1803,law,F,E,6,other
1804,law,F,F,1,same_letter
1810,law,F,E,6,other
1813,law,F,E,4,other
1817,law,F,F,5,same_letter
1820,law,G,E,8,shifted_content
1826,law,E,E,3,same_letter
1827,law,E,E,2,same_letter
1829,law,F,E,1,other
1831,law,F,E,9,shifted_content
1832,law,F,E,7,other
1834,law,F,E,8,other
1835,law,C,G,4,shifted_content
1836,law,E,E,7,same_letter
1837,law,F,F,2,same_letter
1838,law,E,B,8,other
1839,law,F,G,6,other
1842,law,C,B,9,shifted_content
1848,law,G,E,2,other
1849,law,E,G,3,other
1851,law,E,E,5,same_letter
1852,law,E,E,4,same_letter
1853,law,E,E,6,same_letter
1854,law,E,C,7,other
1855,law,F,E,1,other
1857,law,E,C,1,other
1860,law,E,E,2,same_letter
1864,law,B,F,6,other
1868,law,B,E,1,other
1869,law,E,I,5,other
1871,law,E,F,4,other
1873,law,E,F,4,other
1876,law,E,E,6,same_letter
1878,law,E,F,1,shifted_content
1879,law,E,F,7,other
1886,law,E,E,7,same_letter
1891,law,G,E,7,other
1892,law,E,E,7,same_letter
1895,law,G,B,1,other
1898,law,G,E,4,other
1914,law,F,F,8,same_letter
1915,law,F,F,8,same_letter
1917,law,E,G,6,other
1918,law,E,G,1,other
1919,law,E,E,7,same_letter
1928,law,C,I,9,other
1931,law,G,G,4,same_letter
1932,law,E,E,6,same_letter
1935,law,G,F,3,other
1936,law,E,E,7,same_letter
1940,law,E,E,3,same_letter
1942,law,E,G,2,shifted_content
1943,law,F,E,4,other
1944,law,F,F,2,same_letter
1947,law,F,F,4,same_letter
1949,law,G,E,4,other
1953,law,E,C,4,other
1954,law,B,G,8,other
1956,law,F,D,8,shifted_content
1962,law,E,F,9,other
1964,law,F,F,5,same_letter
1965,law,E,E,4,same_letter
1966,law,F,E,3,other
1967,law,E,E,8,same_letter
1968,law,E,E,7,same_letter
1970,law,E,F,9,other
1971,law,E,C,8,shifted_content
1977,law,G,C,7,other
1982,law,E,E,1,same_letter
1983,law,E,F,9,other
1984,law,F,E,1,other
1990,psychology,C,E,6,other
1993,psychology,G,E,8,shifted_content
1995,psychology,E,F,9,other
1998,psychology,F,G,9,other
2003,psychology,F,C,7,shifted_content
2004,psychology,E,B,7,shifted_content
2005,psychology,F,E,2,other
2006,psychology,F,E,5,other
2008,psychology,F,J,4,shifted_content
2009,psychology,G,E,3,other
2010,psychology,E,F,8,other
2011,psychology,E,E,6,same_letter
2013,psychology,E,G,2,shifted_content
2014,psychology,C,E,1,other
2015,psychology,E,G,1,other
2016,psychology,F,E,1,other
2018,psychology,E,F,5,other
2019,psychology,E,F,7,other
2020,psychology,E,C,1,other
2021,psychology,E,E,5,same_letter
2022,psychology,E,G,7,other
2023,psychology,E,E,5,same_letter
2024,psychology,F,F,8,same_letter
2027,psychology,G,E,8,shifted_content
2028,psychology,E,E,4,same_letter
2030,psychology,F,E,8,other
2032,psychology,E,E,5,same_letter
2034,psychology,E,A,1,other
2035,psychology,F,E,5,other
2036,psychology,F,H,2,shifted_content
2037,psychology,F,J,1,other
2042,psychology,E,F,7,other
2045,psychology,G,G,8,same_letter
2048,psychology,F,I,3,shifted_content
2049,psychology,G,G,6,same_letter
2050,psychology,E,D,1,other
2051,psychology,F,E,5,other
2053,psychology,F,F,3,same_letter
2054,psychology,E,D,2,other
2055,psychology,E,E,1,same_letter
2058,psychology,C,F,8,other
2059,psychology,E,G,9,other
2063,psychology,G,F,9,shifted_content
2064,psychology,E,B,7,shifted_content
2065,psychology,C,E,7,other
2066,psychology,E,F,5,other
2067,psychology,E,G,2,shifted_content
2068,psychology,E,E,5,same_letter
2071,psychology,E,E,3,same_letter
2072,psychology,C,G,4,shifted_content
2073,psychology,E,G,4,other
2074,psychology,F,E,1,other
2077,psychology,F,E,3,other
2078,psychology,I,E,2,other
2080,psychology,F,G,1,shifted_content
2081,psychology,F,E,3,other
2082,psychology,F,E,4,other
2084,psychology,G,F,4,other
2085,psychology,E,E,8,same_letter
2087,psychology,G,B,8,other
2088,psychology,E,C,5,other
2089,psychology,G,E,7,other
2090,psychology,E,J,7,other
2091,psychology,E,E,9,same_letter
2092,psychology,E,E,8,same_letter
2096,psychology,E,F,7,other
2097,psychology,B,G,5,shifted_content
2101,psychology,C,E,6,other
2102,psychology,E,E,6,same_letter
2104,psychology,C,E,9,other
2106,psychology,G,F,9,shifted_content
2110,psychology,F,E,9,shifted_content
2111,psychology,G,F,4,other
2114,psychology,J,F,9,other
2115,psychology,I,E,2,other
2116,psychology,C,E,6,other
2118,psychology,G,E,8,shifted_content
2119,psychology,E,E,1,same_letter
2120,psychology,F,D,2,other
2121,psychology,F,E,6,other
2122,psychology,G,J,3,shifted_content
2123,psychology,B,D,2,shifted_content
2124,psychology,G,H,1,shifted_content
2125,psychology,E,H,3,shifted_content
2126,psychology,A,J,9,shifted_content
2127,psychology,G,G,9,same_letter
2128,psychology,I,F,3,other
2130,psychology,C,E,8,other
2132,psychology,C,F,8,other
2133,psychology,F,F,9,same_letter
2134,psychology,A,J,9,shifted_content
2137,psychology,D,G,3,shifted_content
2138,psychology,F,C,7,shifted_content
2139,psychology,C,E,4,other
2143,psychology,I,G,8,shifted_content
2144,psychology,E,F,4,other
2147,psychology,E,G,3,other
2148,psychology,F,E,9,shifted_content
2150,psychology,D,E,4,other
2152,psychology,F,E,9,shifted_content
2153,psychology,E,E,3,same_letter
2159,psychology,F,E,7,other
2160,psychology,E,E,2,same_letter
2161,psychology,E,E,9,same_letter
2162,psychology,F,C,6,other
2163,psychology,F,F,9,same_letter
2166,psychology,D,F,2,shifted_content
2167,psychology,E,H,4,other
2168,psychology,G,E,5,other
2170,psychology,E,C,5,other
2171,psychology,E,F,1,shifted_content
2172,psychology,E,E,1,same_letter
2173,psychology,E,E,3,same_letter
2174,psychology,E,G,4,other
2175,psychology,F,E,6,other
2176,psychology,E,E,1,same_letter
2178,psychology,E,E,8,same_letter
2179,psychology,E,E,2,same_letter
2180,psychology,H,D,6,shifted_content
2183,psychology,F,F,8,same_letter
2185,psychology,E,F,2,other
2187,psychology,D,E,6,other
2188,psychology,F,E,9,shifted_content
2189,psychology,G,F,4,other
2191,psychology,E,I,4,shifted_content
2193,psychology,B,D,2,shifted_content
2194,psychology,F,G,1,shifted_content
2196,psychology,G,F,7,other
2198,psychology,E,E,7,same_letter
2201,psychology,F,F,6,same_letter
2202,psychology,B,E,7,other
2203,psychology,F,B,6,shifted_content
2207,psychology,F,E,2,other
2208,psychology,C,F,3,shifted_content
2209,psychology,B,G,2,other
2212,psychology,J,F,6,shifted_content
2214,psychology,E,E,2,same_letter
2215,psychology,E,F,7,other
2217,psychology,E,E,5,same_letter
2218,psychology,E,F,5,other
2219,psychology,E,C,4,other
2220,psychology,E,E,9,same_letter
2221,psychology,G,E,2,other
2222,psychology,C,E,9,other
2225,psychology,C,H,8,other
2226,psychology,E,C,8,shifted_content
2228,psychology,G,E,5,other
2229,psychology,E,E,6,same_letter
2230,psychology,E,C,9,other
2232,psychology,G,H,1,shifted_content
2234,psychology,C,E,6,other
2240,psychology,E,E,8,same_letter
2241,psychology,E,E,5,same_letter
2242,psychology,F,I,3,shifted_content
2245,psychology,E,E,3,same_letter
2247,psychology,G,C,4,other
2251,psychology,G,F,5,other
2252,psychology,G,E,8,shifted_content
2254,psychology,E,E,9,same_letter
2257,psychology,F,E,1,other
2260,psychology,F,E,6,other
2261,psychology,D,E,7,other
2264,psychology,C,E,2,shifted_content
2265,psychology,G,F,4,other
2267,psychology,G,J,3,shifted_content
2269,psychology,F,G,3,other
2273,psychology,E,C,5,other
2276,psychology,F,E,5,other
2277,psychology,E,F,2,other
2278,psychology,I,G,8,shifted_content
2279,psychology,E,E,5,same_letter
2280,psychology,E,E,3,same_letter
2281,psychology,E,E,8,same_letter
2282,psychology,F,E,7,other
2283,psychology,E,E,7,same_letter
2285,psychology,E,E,9,same_letter
2288,psychology,F,E,7,other
2289,psychology,E,E,8,same_letter
2291,psychology,F,F,6,same_letter
2292,psychology,E,G,1,other
2294,psychology,E,F,2,other
2295,psychology,G,F,4,other
2297,psychology,F,F,4,same_letter
2298,psychology,F,C,9,other
2300,psychology,F,F,3,same_letter
2302,psychology,E,D,9,shifted_content
2303,psychology,I,G,8,shifted_content
2304,psychology,E,G,7,other
2305,psychology,E,E,4,same_letter
2306,psychology,F,G,4,other
2308,psychology,F,E,6,other
2309,psychology,E,E,7,same_letter
2310,psychology,E,B,5,other
2312,psychology,E,F,4,other
2316,psychology,E,F,3,other
2319,psychology,B,E,9,other
2321,psychology,B,E,9,other
2324,psychology,G,F,9,shifted_content
2326,psychology,J,F,6,shifted_content
2327,psychology,E,H,3,shifted_content
2329,psychology,E,E,6,same_letter
2330,psychology,B,F,4,shifted_content
2331,psychology,E,E,3,same_letter
2333,psychology,E,D,3,other
2335,psychology,F,E,8,other
2339,psychology,G,G,9,same_letter
2340,psychology,E,F,6,other
2343,psychology,E,E,3,same_letter
2344,psychology,E,E,1,same_letter
2345,psychology,F,E,4,other
2346,psychology,E,G,7,other
2347,psychology,F,E,3,other
2349,psychology,C,F,7,other
2351,psychology,B,C,1,shifted_content
2355,psychology,B,E,3,shifted_content
2357,psychology,E,E,9,same_letter
2358,psychology,F,G,5,other
2359,psychology,I,C,4,shifted_content
2360,psychology,E,F,7,other
2361,psychology,E,E,1,same_letter
2362,psychology,E,J,7,other
2363,psychology,G,G,6,same_letter
2364,psychology,G,E,6,other
2365,psychology,G,J,3,shifted_content
2366,psychology,F,E,9,shifted_content
2368,psychology,C,A,8,shifted_content
2371,psychology,C,I,6,shifted_content
2372,psychology,D,C,9,shifted_content
2374,psychology,E,E,3,same_letter
2377,psychology,J,C,1,other
2381,psychology,C,E,1,other
2382,psychology,E,F,6,other
2383,psychology,C,F,9,other
2387,psychology,F,E,9,shifted_content
2390,psychology,C,E,7,other
2392,psychology,E,E,8,same_letter
2393,psychology,F,F,4,same_letter
2394,psychology,E,E,3,same_letter
2397,psychology,F,E,6,other
2398,psychology,E,E,9,same_letter
2399,psychology,F,B,6,shifted_content
2400,psychology,E,G,6,other
2401,psychology,F,E,7,other
2403,psychology,E,F,9,other
2404,psychology,E,J,1,other
2405,psychology,E,E,6,same_letter
2406,psychology,E,E,1,same_letter
2407,psychology,E,E,1,same_letter
2408,psychology,E,E,6,same_letter
2409,psychology,F,F,9,same_letter
2410,psychology,F,E,5,other
2411,psychology,E,B,9,other
2412,psychology,C,G,8,other
2413,psychology,E,B,3,other
2414,psychology,C,E,2,shifted_content
2416,psychology,C,J,1,other
2417,psychology,E,F,9,other
2418,psychology,H,I,1,shifted_content
2419,psychology,F,J,4,shifted_content
2420,psychology,C,G,6,other
2421,psychology,E,F,5,other
2422,psychology,B,J,8,shifted_content
2423,psychology,C,G,4,shifted_content
2424,psychology,F,D,5,other
2425,psychology,E,E,7,same_letter
2426,psychology,H,F,8,shifted_content
2429,psychology,E,H,6,other
2430,psychology,G,C,6,shifted_content
2432,psychology,E,E,7,same_letter
2434,psychology,F,E,3,other
2437,psychology,F,E,3,other
2438,psychology,F,E,1,other
2441,psychology,F,F,6,same_letter
2442,psychology,E,G,7,other
2443,psychology,E,E,9,same_letter
2448,psychology,G,G,3,same_letter
2449,psychology,E,E,6,same_letter
2450,psychology,G,E,5,other
2451,psychology,E,G,3,other
2452,psychology,E,E,3,same_letter
2455,psychology,C,G,4,shifted_content
2458,psychology,E,E,6,same_letter
2459,psychology,E,E,8,same_letter
2460,psychology,F,G,7,other
2461,psychology,E,E,5,same_letter
2463,psychology,C,C,3,same_letter
2464,psychology,E,E,8,same_letter
2467,psychology,G,E,8,shifted_content
2468,psychology,G,I,2,shifted_content
2470,psychology,F,E,1,other
2471,psychology,C,B,9,shifted_content
2472,psychology,E,E,1,same_letter
2474,psychology,E,H,6,other
2475,psychology,E,E,7,same_letter
2476,psychology,G,F,6,other
2479,psychology,E,E,6,same_letter
2480,psychology,B,A,9,shifted_content
2481,psychology,E,E,9,same_letter
2482,psychology,D,E,5,other
2484,psychology,G,F,9,shifted_content
2485,psychology,G,G,6,same_letter
2486,psychology,F,E,6,other
2489,psychology,G,E,2,other
2490,psychology,E,E,6,same_letter
2491,psychology,E,A,4,other
2492,psychology,E,F,4,other
2493,psychology,I,H,9,shifted_content
2494,psychology,G,F,9,shifted_content
2495,psychology,D,E,1,shifted_content
2497,psychology,E,E,4,same_letter
2499,psychology,F,F,7,same_letter
2500,psychology,E,D,6,other
2501,psychology,C,F,3,shifted_content
2502,psychology,E,E,8,same_letter
2503,psychology,E,G,7,other
2504,psychology,E,G,9,other
2507,psychology,J,F,6,shifted_content
2508,psychology,E,F,8,other
2512,psychology,E,A,6,shifted_content
2513,psychology,E,C,7,other
2514,psychology,E,C,8,shifted_content
2515,psychology,C,E,5,other
2516,psychology,E,D,5,other
2519,psychology,E,E,8,same_letter
2520,psychology,F,B,3,other
2522,psychology,J,D,6,other
2524,psychology,F,G,8,other
2527,psychology,E,E,4,same_letter
2528,psychology,F,F,1,same_letter
2530,psychology,B,D,2,shifted_content
2532,psychology,B,F,8,other
2533,psychology,E,C,8,shifted_content
2534,psychology,E,E,4,same_letter
2535,psychology,E,F,6,other
2536,psychology,F,E,2,other
2540,psychology,E,E,8,same_letter
2541,psychology,E,E,5,same_letter
2542,psychology,I,B,6,other
2543,psychology,E,E,8,same_letter
2545,psychology,H,E,7,shifted_content
2546,psychology,G,G,8,same_letter
2548,psychology,G,G,1,same_letter
2549,psychology,E,G,8,other
2551,psychology,H,F,2,other
2552,psychology,B,I,7,shifted_content
2554,psychology,G,J,9,other
2556,psychology,G,F,5,other
2557,psychology,E,F,5,other
2558,psychology,E,E,5,same_letter
2560,psychology,E,D,7,other
2562,psychology,E,E,2,same_letter
2564,psychology,E,E,7,same_letter
2566,psychology,G,C,6,shifted_content
2568,psychology,E,E,7,same_letter
2569,psychology,F,G,3,other
2571,psychology,G,E,5,other
2572,psychology,C,E,6,other
2573,psychology,E,F,5,other
2577,psychology,E,G,8,other
2578,psychology,G,F,8,other
2579,psychology,E,E,2,same_letter
2581,psychology,F,F,5,same_letter
2584,psychology,G,I,2,shifted_content
2586,psychology,E,E,2,same_letter
2587,psychology,C,F,5,other
2588,psychology,C,E,5,other
2589,psychology,E,E,2,same_letter
2590,psychology,C,C,1,same_letter
2591,psychology,G,E,8,shifted_content
2593,psychology,D,C,9,shifted_content
2596,psychology,E,F,9,other
2597,psychology,E,J,9,other
2598,psychology,F,H,2,shifted_content
2599,psychology,F,G,1,shifted_content
2600,psychology,B,E,3,shifted_content
2601,psychology,J,G,1,other
2603,psychology,D,E,7,other
2604,psychology,E,E,7,same_letter
2605,psychology,D,F,2,shifted_content
2606,psychology,F,E,5,other
2609,psychology,B,H,6,shifted_content
2610,psychology,J,G,7,shifted_content
2611,psychology,G,E,5,other
2612,psychology,G,E,9,other
2613,psychology,E,E,4,same_letter
2614,psychology,G,F,6,other
2616,psychology,F,E,5,other
2617,psychology,E,E,6,same_letter
2618,psychology,E,E,2,same_letter
2619,psychology,F,C,7,shifted_content
2620,psychology,F,C,5,other
2621,psychology,D,C,5,other
2622,psychology,E,C,4,other
2625,psychology,J,G,7,shifted_content
2626,psychology,G,F,9,shifted_content
2632,psychology,E,F,7,other
2635,psychology,E,F,2,other
2639,psychology,F,E,9,shifted_content
2642,psychology,F,E,9,shifted_content
2644,psychology,E,F,8,other
2645,psychology,F,E,3,other
2646,psychology,F,E,4,other
2647,psychology,E,E,4,same_letter
2649,psychology,E,G,4,other
2650,psychology,F,F,9,same_letter
2651,psychology,E,B,8,other
2652,psychology,H,E,3,other
2653,psychology,E,E,2,same_letter
2654,psychology,H,E,7,shifted_content
2655,psychology,E,E,3,same_letter
2657,psychology,E,E,1,same_letter
2658,psychology,C,E,8,other
2659,psychology,F,F,3,same_letter
2661,psychology,E,E,6,same_letter
2663,psychology,C,H,5,shifted_content
2666,psychology,F,F,7,same_letter
2667,psychology,E,E,6,same_letter
2668,psychology,E,G,2,shifted_content
2671,psychology,E,I,8,other
2672,psychology,E,C,8,shifted_content
2673,psychology,E,E,3,same_letter
2674,psychology,F,C,7,shifted_content
2675,psychology,B,C,1,shifted_content
2677,psychology,E,E,1,same_letter
2678,psychology,F,I,3,shifted_content
2679,psychology,C,C,7,same_letter
2681,psychology,E,G,8,other
2682,psychology,G,C,6,shifted_content
2684,psychology,E,E,7,same_letter
2687,psychology,F,E,3,other
2688,psychology,D,B,8,shifted_content
2692,psychology,B,H,6,shifted_content
2694,psychology,G,F,9,shifted_content
2695,psychology,G,F,4,other
2696,psychology,D,F,2,shifted_content
2699,psychology,E,E,7,same_letter
2702,psychology,G,E,3,other
2703,psychology,F,G,1,shifted_content
2704,psychology,C,F,2,other
2709,psychology,C,G,4,shifted_content
2711,psychology,E,F,5,other
2712,psychology,F,G,2,other
2713,psychology,C,G,3,other
2714,psychology,G,G,6,same_letter
2716,psychology,E,F,1,shifted_content
2718,psychology,F,F,8,same_letter
2719,psychology,D,G,8,other
2724,psychology,D,C,9,shifted_content
2725,psychology,F,C,4,other
2727,psychology,D,E,1,shifted_content
2728,psychology,D,B,2,other
2731,psychology,E,E,2,same_letter
2732,psychology,E,H,5,other
2733,psychology,E,E,1,same_letter
2735,psychology,E,E,1,same_letter
2736,psychology,D,B,8,shifted_content
2737,psychology,F,C,7,shifted_content
2739,psychology,E,E,7,same_letter
2741,psychology,F,E,7,other
2742,psychology,E,E,2,same_letter
2743,psychology,C,G,4,shifted_content
2744,psychology,E,G,2,shifted_content
2745,psychology,F,G,1,shifted_content
2746,psychology,G,F,5,other
2747,psychology,E,F,1,shifted_content
2748,psychology,F,J,4,shifted_content
2749,psychology,E,E,4,same_letter
2750,psychology,B,G,8,other
2751,psychology,G,B,5,shifted_content
2752,psychology,E,J,6,other
2753,psychology,I,D,5,shifted_content
2754,psychology,E,F,7,other
2756,psychology,E,F,7,other
2758,psychology,E,F,8,other
2762,psychology,B,E,3,shifted_content
2763,psychology,E,G,5,other
2765,psychology,C,E,8,other
2766,psychology,E,E,8,same_letter
2768,psychology,E,E,6,same_letter
2769,psychology,E,E,9,same_letter
2770,psychology,E,E,5,same_letter
2775,psychology,E,F,7,other
2778,psychology,F,E,9,shifted_content
2781,psychology,E,E,1,same_letter
2782,psychology,F,F,7,same_letter
2783,psychology,F,C,4,other
2784,psychology,E,F,5,other
2785,psychology,E,G,2,shifted_content
2786,psychology,B,E,3,shifted_content
2787,psychology,G,E,1,other
2788,psychology,F,H,6,other
2789,psychology,G,H,3,other
2790,psychology,G,I,5,other
2792,psychology,E,E,4,same_letter
2794,psychology,F,E,9,shifted_content
2797,psychology,H,F,8,shifted_content
2798,psychology,E,E,2,same_letter
2799,psychology,I,H,9,shifted_content
2800,psychology,C,B,7,other
2802,psychology,G,G,3,same_letter
6827,economics,E,E,6,same_letter
6829,economics,D,G,5,other
6833,economics,G,E,5,other
6834,economics,E,E,4,same_letter
6836,economics,E,E,7,same_letter
6837,economics,E,G,5,other
6839,economics,E,E,6,same_letter
6840,economics,E,E,8,same_letter
6842,economics,J,E,8,other
6843,economics,G,E,8,shifted_content
6844,economics,E,G,3,other
6846,economics,G,E,3,other
6853,economics,E,E,9,same_letter
6854,economics,C,C,5,same_letter
6857,economics,E,D,3,other
6858,economics,J,I,6,other
6859,economics,E,E,5,same_letter
6860,economics,E,D,1,other
6864,economics,E,A,7,other
6865,economics,E,E,5,same_letter
6866,economics,E,G,4,other
6867,economics,C,G,9,other
6869,economics,E,E,5,same_letter
6872,economics,C,E,5,other
6873,economics,I,G,9,other
6875,economics,E,B,1,other
6876,economics,E,E,3,same_letter
6877,economics,E,E,3,same_letter
6878,economics,E,C,8,shifted_content
6879,economics,,,9,other
6880,economics,E,E,5,same_letter
6881,economics,F,F,4,same_letter
6882,economics,J,F,6,shifted_content
6883,economics,E,E,2,same_letter
6887,economics,E,E,6,same_letter
6888,economics,F,E,9,shifted_content
6889,economics,F,E,3,other
6894,economics,B,I,7,shifted_content
6895,economics,E,C,1,other
6896,economics,E,G,1,other
6897,economics,E,G,4,other
6900,economics,C,F,6,other
6905,economics,E,G,4,other
6906,economics,E,E,3,same_letter
6908,economics,E,E,5,same_letter
6909,economics,G,F,8,other
6910,economics,E,F,8,other
6912,economics,D,G,3,shifted_content
6913,economics,F,E,8,other
6917,economics,J,C,2,other
6918,economics,F,G,9,other
6919,economics,H,B,5,other
6921,economics,A,H,7,shifted_content
6923,economics,E,E,9,same_letter
6929,economics,B,G,5,shifted_content
6930,economics,B,E,8,other
6931,economics,J,E,2,other
6932,economics,D,H,4,shifted_content
6933,economics,C,F,5,other
6934,economics,E,G,2,shifted_content
6935,economics,G,E,8,shifted_content
6936,economics,E,E,2,same_letter
6937,economics,G,F,9,shifted_content
6938,economics,J,G,3,other
6939,economics,J,B,4,other
6940,economics,B,E,4,other
6941,economics,G,G,1,same_letter
6944,economics,G,J,8,other
6946,economics,G,F,8,other
6947,economics,I,D,5,shifted_content
6948,economics,B,J,8,shifted_content
6950,economics,E,H,8,other
6951,economics,E,E,1,same_letter
6952,economics,F,E,9,shifted_content
6953,economics,I,E,6,shifted_content
6955,economics,E,E,3,same_letter
6956,economics,G,I,1,other
6958,economics,E,E,2,same_letter
6959,economics,E,E,5,same_letter
6965,economics,F,E,9,shifted_content
6966,economics,E,F,1,shifted_content
6970,economics,E,E,1,same_letter
6971,economics,E,E,2,same_letter
6973,economics,D,A,5,other
6974,economics,E,E,9,same_letter
6975,economics,E,E,2,same_letter
6976,economics,C,E,7,other
6977,economics,E,E,5,same_letter
6978,economics,F,E,8,other
6979,economics,E,E,7,same_letter
6980,economics,G,H,1,shifted_content
6981,economics,B,E,3,shifted_content
6982,economics,E,E,8,same_letter
6984,economics,B,E,9,other
6986,economics,E,E,1,same_letter
6987,economics,E,E,6,same_letter
6988,economics,E,F,4,other
6996,economics,E,G,1,other
6998,economics,C,E,9,other
6999,economics,G,C,5,other
7000,economics,E,E,7,same_letter
7002,economics,C,F,7,other
7003,economics,C,E,5,other
7005,economics,D,B,3,other
7009,economics,D,E,4,other
7012,economics,E,J,6,other
7014,economics,E,E,8,same_letter
7015,economics,E,D,9,shifted_content
7018,economics,E,G,2,shifted_content
7019,economics,F,G,7,other
7020,economics,D,A,7,shifted_content
7021,economics,C,J,7,shifted_content
7022,economics,J,E,5,shifted_content
7023,economics,G,D,7,shifted_content
7026,economics,E,E,6,same_letter
7027,economics,E,E,1,same_letter
7032,economics,B,C,1,shifted_content
7033,economics,F,B,5,other
7034,economics,G,E,3,other
7035,economics,G,E,6,other
7037,economics,F,D,8,shifted_content
7038,economics,E,E,6,same_letter
7040,economics,E,G,4,other
7041,economics,G,E,8,shifted_content
7042,economics,G,F,9,shifted_content
7043,economics,E,E,4,same_letter
7044,economics,G,E,6,other
7050,economics,E,D,8,other
7051,economics,F,E,5,other
7052,economics,F,E,9,shifted_content
7053,economics,C,E,4,other
7054,economics,F,C,2,other
7056,economics,E,E,4,same_letter
7057,economics,D,F,2,shifted_content
7059,economics,E,G,2,shifted_content
7064,economics,G,E,7,other
7065,economics,J,I,9,shifted_content
7066,economics,D,G,3,shifted_content
7068,economics,E,E,8,same_letter
7073,economics,E,E,1,same_letter
7075,economics,A,B,7,other
7076,economics,J,C,3,shifted_content
7077,economics,F,G,7,other
7078,economics,E,G,4,other
7079,economics,F,E,9,shifted_content
7081,economics,E,E,2,same_letter
7082,economics,J,E,1,other
7083,economics,E,F,7,other
7086,economics,F,J,2,other
7087,economics,E,E,7,same_letter
7088,economics,E,E,2,same_letter
7089,economics,H,F,8,shifted_content
7090,economics,J,E,5,shifted_content
7091,economics,E,E,9,same_letter
7092,economics,E,E,4,same_letter
7093,economics,G,F,9,shifted_content
7094,economics,F,G,9,other
7097,economics,F,E,9,shifted_content
7107,economics,E,E,2,same_letter
7108,economics,E,D,4,other
7109,economics,E,E,2,same_letter
7110,economics,E,F,1,shifted_content
7111,economics,F,G,5,other
7112,economics,B,F,4,shifted_content
7114,economics,A,B,2,other
7115,economics,E,E,8,same_letter
7116,economics,G,C,3,other
7119,economics,E,F,6,other
7123,economics,E,E,8,same_letter
7124,economics,G,E,1,other
7126,economics,E,F,6,other
7127,economics,G,H,1,shifted_content
7128,economics,D,E,9,other
7129,economics,E,E,3,same_letter
7133,economics,G,E,2,other
7134,economics,B,E,3,shifted_content
7135,economics,E,E,4,same_letter
7136,economics,E,E,7,same_letter
7137,economics,F,D,8,shifted_content
7138,economics,E,E,7,same_letter
7139,economics,H,I,1,shifted_content
7140,economics,E,C,2,other
7142,economics,C,E,8,other
7146,economics,G,F,9,shifted_content
7147,economics,D,H,4,shifted_content
7148,economics,E,E,4,same_letter
7149,economics,G,E,1,other
7150,economics,E,E,9,same_letter
7153,economics,C,H,5,shifted_content
7158,economics,E,C,7,other
7159,economics,C,G,4,shifted_content
7160,economics,E,E,7,same_letter
7165,economics,F,E,7,other
7167,economics,E,E,9,same_letter
7169,economics,C,E,3,other
7170,economics,G,E,1,other
7172,economics,F,E,4,other
7174,economics,F,B,2,other
7175,economics,E,E,4,same_letter
7176,economics,G,G,2,same_letter
7177,economics,E,G,9,other
7181,economics,F,E,3,other
7182,economics,F,E,9,shifted_content
7183,economics,G,E,8,shifted_content
7186,economics,E,E,6,same_letter
7188,economics,F,J,9,other
7191,economics,D,C,9,shifted_content
7194,economics,E,E,2,same_letter
7196,economics,I,I,9,same_letter
7198,economics,E,E,9,same_letter
7200,economics,F,C,7,shifted_content
7201,economics,E,E,6,same_letter
7203,economics,G,F,9,shifted_content
7204,economics,E,I,8,other
7208,economics,E,E,1,same_letter
7210,economics,E,D,5,other
7211,economics,G,E,5,other
7213,economics,J,E,5,shifted_content
7215,economics,B,A,4,other
7216,economics,C,D,3,other
7217,economics,E,E,7,same_letter
7218,economics,E,G,2,shifted_content
7219,economics,G,I,2,shifted_content
7223,economics,E,D,4,other
7225,economics,B,G,3,other
7228,economics,E,G,3,other
7233,economics,E,E,2,same_letter
7234,economics,E,E,5,same_letter
7235,economics,E,E,8,same_letter
7236,economics,D,E,5,other
7237,economics,C,B,4,other
7238,economics,F,D,8,shifted_content
7239,economics,E,E,5,same_letter
7240,economics,E,C,1,other
7241,economics,E,E,3,same_letter
7243,economics,E,E,5,same_letter
7245,economics,E,G,5,other
7246,economics,E,G,5,other
7248,economics,G,G,9,same_letter
7249,economics,G,E,4,other
7250,economics,F,I,4,other
7251,economics,E,E,8,same_letter
7253,economics,I,E,4,other
7256,economics,H,F,2,other
7258,economics,E,F,9,other
7259,economics,F,G,1,shifted_content
7260,economics,I,I,8,same_letter
7262,economics,D,E,1,shifted_content
7263,economics,E,G,8,other
7264,economics,E,E,2,same_letter
7265,economics,E,E,7,same_letter
7266,economics,G,E,2,other
7267,economics,E,E,3,same_letter
7268,economics,E,E,7,same_letter
7269,economics,C,E,2,shifted_content
7270,economics,E,G,8,other
7271,economics,E,J,2,other
7273,economics,E,E,3,same_letter
7275,economics,E,G,5,other
7277,economics,F,E,8,other
7278,economics,J,E,5,shifted_content
7279,economics,E,G,6,other
7280,economics,F,E,6,other
7282,economics,G,D,8,other
7283,economics,E,I,4,shifted_content
7284,economics,E,E,6,same_letter
7285,economics,E,E,9,same_letter
7286,economics,E,A,3,other
7287,economics,E,E,4,same_letter
7290,economics,F,C,4,other
7291,economics,E,E,3,same_letter
7295,economics,E,E,5,same_letter
7296,economics,B,A,2,other
7297,economics,I,D,5,shifted_content
7298,economics,F,E,4,other
7299,economics,E,E,3,same_letter
7300,economics,H,D,6,shifted_content
7302,economics,E,E,9,same_letter
7304,economics,E,E,8,same_letter
7309,economics,E,E,5,same_letter
7310,economics,E,E,9,same_letter
7313,economics,E,E,1,same_letter
7314,economics,E,E,8,same_letter
7315,economics,E,E,3,same_letter
7317,economics,E,E,2,same_letter
7318,economics,G,E,4,other
7325,economics,A,E,5,other
7326,economics,E,F,2,other
7327,economics,E,E,1,same_letter
7328,economics,E,F,3,other
7329,economics,B,J,8,shifted_content
7331,economics,F,G,1,shifted_content
7339,economics,F,E,6,other
7341,economics,F,G,1,shifted_content
7342,economics,G,F,3,other
7344,economics,E,B,2,other
7345,economics,F,G,4,other
7346,economics,E,E,5,same_letter
7348,economics,E,E,9,same_letter
7351,economics,C,E,6,other
7352,economics,E,E,4,same_letter
7358,economics,G,F,1,other
7359,economics,E,E,8,same_letter
7360,economics,H,I,1,shifted_content
7361,economics,E,E,4,same_letter
7363,economics,G,F,9,shifted_content
7365,economics,G,G,7,same_letter
7366,economics,E,F,2,other
7370,economics,E,E,5,same_letter
7371,economics,F,E,3,other
7372,economics,E,E,9,same_letter
7374,economics,G,G,6,same_letter
7375,economics,E,C,4,other
7376,economics,G,E,1,other
7377,economics,E,E,6,same_letter
7380,economics,C,E,8,other
7383,economics,E,E,8,same_letter
7384,economics,B,E,9,other
7385,economics,E,C,5,other
7386,economics,J,G,3,other
7388,economics,F,G,6,other
7391,economics,A,I,8,shifted_content
7392,economics,B,G,5,shifted_content
7393,economics,E,C,4,other
7394,economics,G,E,3,other
7396,economics,G,H,1,shifted_content
7398,economics,G,D,8,other
7399,economics,I,E,3,other
7400,economics,C,B,9,shifted_content
7402,economics,E,E,1,same_letter
7403,economics,E,D,3,other
7404,economics,F,E,5,other
7405,economics,C,B,9,shifted_content
7406,economics,E,E,2,same_letter
7407,economics,B,G,5,shifted_content
7408,economics,E,C,2,other
7409,economics,C,G,4,shifted_content
7410,economics,C,C,9,same_letter
7411,economics,E,A,6,shifted_content
7412,economics,G,G,3,same_letter
7415,economics,G,D,2,other
7417,economics,F,E,2,other
7418,economics,E,E,9,same_letter
7419,economics,E,E,8,same_letter
7428,economics,E,E,9,same_letter
7429,economics,E,E,7,same_letter
7430,economics,E,G,8,other
7431,economics,E,G,8,other
7433,economics,E,E,3,same_letter
7434,economics,G,I,2,shifted_content
7436,economics,E,E,1,same_letter
7437,economics,F,E,3,other
7439,economics,G,G,4,same_letter
7442,economics,F,G,1,shifted_content
7443,economics,E,E,3,same_letter
7444,economics,C,E,9,other
7445,economics,E,E,6,same_letter
7447,economics,E,E,5,same_letter
7449,economics,E,E,4,same_letter
7450,economics,E,E,3,same_letter
7452,economics,C,D,1,shifted_content
7453,economics,B,F,3,other
7456,economics,C,B,5,other
7459,economics,C,B,9,shifted_content
7460,economics,E,E,3,same_letter
7461,economics,G,H,1,shifted_content
7464,economics,E,E,8,same_letter
7466,economics,I,G,8,shifted_content
7469,economics,G,F,9,shifted_content
7470,economics,E,D,9,shifted_content
7471,economics,F,G,3,other
7473,economics,C,E,2,shifted_content
7474,economics,E,F,3,other
7477,economics,E,J,9,other
7479,economics,E,B,2,other
7483,economics,E,F,4,other
7484,economics,E,C,5,other
7485,economics,C,I,6,shifted_content
7492,economics,E,C,9,other
7493,economics,F,G,1,shifted_content
7494,economics,E,G,1,other
7496,economics,E,E,1,same_letter
7500,economics,E,E,5,same_letter
7501,economics,G,E,8,shifted_content
7502,economics,G,G,1,same_letter
7504,economics,E,I,6,other
7505,economics,E,E,4,same_letter
7508,economics,E,E,7,same_letter
7509,economics,E,E,9,same_letter
7510,economics,E,G,1,other
7512,economics,E,B,9,other
7514,economics,J,B,2,shifted_content
7516,economics,J,E,1,other
7521,economics,H,J,2,shifted_content
7522,economics,E,G,8,other
7523,economics,E,F,3,other
7524,economics,E,E,3,same_letter
7525,economics,G,G,4,same_letter
7526,economics,E,E,8,same_letter
7529,economics,G,B,5,shifted_content
7530,economics,F,C,7,shifted_content
7532,economics,F,C,2,other
7533,economics,E,E,3,same_letter
7534,economics,E,E,8,same_letter
7536,economics,A,E,7,other
7537,economics,A,E,4,shifted_content
7538,economics,E,J,7,other
7539,economics,E,G,6,other
7540,economics,G,E,4,other
7542,economics,E,E,4,same_letter
7543,economics,E,G,6,other
7544,economics,E,E,5,same_letter
7545,economics,B,G,6,other
7546,economics,E,H,7,other
7547,economics,G,E,8,shifted_content
7548,economics,G,E,2,other
7549,economics,E,E,5,same_letter
7550,economics,I,J,1,shifted_content
7551,economics,G,F,3,other
7552,economics,E,E,1,same_letter
7554,economics,E,E,3,same_letter
7556,economics,E,E,2,same_letter
7560,economics,E,E,3,same_letter
7561,economics,E,J,3,other
7562,economics,I,F,7,shifted_content
7564,economics,E,E,2,same_letter
7565,economics,G,B,5,shifted_content
7566,economics,B,C,7,other
7567,economics,E,E,3,same_letter
7568,economics,E,E,5,same_letter
7572,economics,E,E,5,same_letter
7573,economics,F,C,7,shifted_content
7575,economics,C,G,6,other
7580,economics,E,E,8,same_letter
7582,economics,E,E,6,same_letter
7583,economics,F,I,3,shifted_content
7584,economics,E,G,9,other
7586,economics,G,C,6,shifted_content
7590,economics,E,E,2,same_letter
7592,economics,B,F,8,other
7593,economics,G,J,4,other
7594,economics,C,D,1,shifted_content
7596,economics,G,D,7,shifted_content
7599,economics,E,E,5,same_letter
7600,economics,E,F,7,other
7602,economics,E,C,1,other
7603,economics,B,E,3,shifted_content
7604,economics,E,J,6,other
7606,economics,H,E,7,shifted_content
7607,economics,J,E,1,other
7608,economics,B,G,5,shifted_content
7610,economics,E,E,9,same_letter
7611,economics,E,B,7,shifted_content
7613,economics,G,E,3,other
7614,economics,E,E,9,same_letter
7617,economics,I,G,8,shifted_content
7618,economics,E,E,4,same_letter
7619,economics,E,E,5,same_letter
7620,economics,G,H,1,shifted_content
7621,economics,D,F,4,other
7622,economics,J,A,1,shifted_content
7623,economics,E,E,1,same_letter
7626,economics,E,E,2,same_letter
7629,economics,G,D,2,other
7630,economics,E,F,1,shifted_content
7632,economics,E,B,9,other
7634,economics,E,G,9,other
7638,economics,E,B,7,shifted_content
7639,economics,E,E,4,same_letter
7640,economics,E,H,1,other
7641,economics,E,E,7,same_letter
7644,economics,E,E,3,same_letter
7645,economics,G,B,8,other
7646,economics,G,J,3,shifted_content
7648,economics,E,E,4,same_letter
7649,economics,C,E,5,other
7650,economics,E,E,1,same_letter
7651,economics,E,E,7,same_letter
7655,economics,G,I,5,other
7656,economics,E,C,9,other
7657,economics,E,C,4,other
7658,economics,A,E,9,other
7662,economics,F,G,5,other
7664,economics,E,F,3,other
7665,economics,E,G,5,other
7667,economics,G,F,5,other
7669,economics,E,E,3,same_letter
7670,economics,E,E,1,same_letter
7671,economics,J,H,8,shifted_content
7672,economics,H,A,3,shifted_content
7673,economics,E,C,6,other
7674,economics,A,G,6,shifted_content
7675,economics,J,F,2,other
7676,economics,D,F,2,shifted_content
7677,economics,C,G,4,shifted_content
7678,economics,I,G,2,other
7679,economics,H,F,8,shifted_content
7681,economics,F,G,6,other
7684,economics,E,E,4,same_letter
7686,economics,E,E,7,same_letter
9047,physics,E,E,6,same_letter
9048,physics,E,E,7,same_letter
9049,physics,E,E,2,same_letter
9052,physics,G,F,9,shifted_content
9054,physics,B,A,5,other
9055,physics,E,E,7,same_letter
9059,physics,B,G,5,shifted_content
9060,physics,G,E,8,shifted_content
9061,physics,E,E,4,same_letter
9069,physics,E,B,3,other
9070,physics,G,G,3,same_letter
9071,physics,E,E,7,same_letter
9074,physics,E,E,5,same_letter
9082,physics,G,B,6,other
9085,physics,I,G,9,other
9086,physics,F,I,3,shifted_content
9088,physics,E,E,9,same_letter
9089,physics,E,G,3,other
9091,physics,E,E,2,same_letter
9097,physics,G,E,8,shifted_content
9098,physics,F,E,2,other
9100,physics,E,E,2,same_letter
9104,physics,C,D,1,shifted_content
9105,physics,E,E,4,same_letter
9106,physics,E,E,6,same_letter
9107,physics,C,E,4,other
9108,physics,E,E,1,same_letter
9110,physics,F,E,3,other
9111,physics,E,E,1,same_letter
9115,physics,C,D,4,other
9116,physics,E,E,9,same_letter
9117,physics,C,G,7,other
9120,physics,I,D,3,other
9121,physics,E,E,3,same_letter
9123,physics,E,F,1,shifted_content
9129,physics,E,G,5,other
9130,physics,E,E,6,same_letter
9135,physics,E,G,2,shifted_content
9140,physics,E,E,3,same_letter
9141,physics,G,E,4,other
9142,physics,E,F,1,shifted_content
9143,physics,G,E,7,other
9147,physics,E,E,9,same_letter
9149,physics,E,G,8,other
9152,physics,E,I,2,other
9153,physics,E,H,4,other
9156,physics,G,B,1,other
9157,physics,E,E,3,same_letter
9158,physics,E,E,4,same_letter
9161,physics,C,C,7,same_letter
9165,physics,J,F,4,other
9167,physics,E,E,3,same_letter
9169,physics,E,E,5,same_letter
9171,physics,G,E,2,other
9178,physics,B,G,9,other
9179,physics,E,E,4,same_letter
9181,physics,G,E,8,shifted_content
9182,physics,E,E,4,same_letter
9183,physics,E,E,8,same_letter
9185,physics,E,E,3,same_letter
9186,physics,E,E,5,same_letter
9189,physics,E,B,9,other
9190,physics,E,E,7,same_letter
9193,physics,E,F,6,other
9194,physics,E,B,1,other
9199,physics,B,C,9,other
9200,physics,E,F,7,other
9206,physics,E,E,4,same_letter
9207,physics,C,G,4,shifted_content
9209,physics,C,B,8,other
9211,physics,E,E,6,same_letter
9213,physics,B,E,7,other
9214,physics,E,E,5,same_letter
9216,physics,D,C,5,other
9218,physics,G,E,2,other
9223,physics,E,G,3,other
9226,physics,E,F,7,other
9229,physics,E,G,6,other
9230,physics,E,E,4,same_letter
9231,physics,G,E,9,other
9234,physics,E,G,3,other
9237,physics,E,G,7,other
9238,physics,B,E,2,other
9239,physics,E,E,9,same_letter
9241,physics,E,B,4,other
9242,physics,E,G,3,other
9245,physics,E,E,2,same_letter
9246,physics,G,E,6,other
9249,physics,I,E,9,other
9252,physics,C,E,8,other
9255,physics,E,E,7,same_letter
9257,physics,D,B,8,shifted_content
9258,physics,E,E,4,same_letter
9265,physics,E,G,8,other
9267,physics,E,E,6,same_letter
9268,physics,E,E,5,same_letter
9272,physics,E,F,8,other
9273,physics,E,E,6,same_letter
9274,physics,B,E,1,other
9277,physics,E,E,8,same_letter
9278,physics,D,E,5,other
9279,physics,E,F,2,other
9283,physics,G,I,2,shifted_content
9284,physics,E,G,7,other
9290,physics,E,E,8,same_letter
9292,physics,E,E,4,same_letter
9294,physics,E,E,4,same_letter
9297,physics,E,E,2,same_letter
9300,physics,C,E,5,other
9302,physics,F,B,6,shifted_content
9305,physics,J,E,6,other
9306,physics,F,E,8,other
9309,physics,E,E,5,same_letter
9313,physics,C,B,9,shifted_content
9315,physics,E,C,5,other
9321,physics,B,G,4,other
9322,physics,D,E,7,other
9325,physics,E,E,1,same_letter
9326,physics,E,G,7,other
9328,physics,B,E,5,other
9333,physics,E,E,8,same_letter
9338,physics,E,F,2,other
9340,physics,E,D,9,shifted_content
9342,physics,E,E,7,same_letter
9343,physics,E,E,8,same_letter
9346,physics,E,E,7,same_letter
9347,physics,E,E,6,same_letter
9362,physics,D,B,8,shifted_content
9365,physics,E,C,2,other
9367,physics,E,E,2,same_letter
9369,physics,F,C,3,other
9373,physics,E,E,3,same_letter
9374,physics,E,G,2,shifted_content
9376,physics,E,E,9,same_letter
9380,physics,E,E,1,same_letter
9383,physics,E,E,6,same_letter
9385,physics,E,E,9,same_letter
9388,physics,F,E,9,shifted_content
9389,physics,E,G,2,shifted_content
9392,physics,E,E,3,same_letter
9395,physics,E,E,4,same_letter
9396,physics,C,D,5,other
9398,physics,E,E,2,same_letter
9400,physics,C,E,2,shifted_content
9401,physics,E,F,6,other
9402,physics,F,E,2,other
9403,physics,E,G,8,other
9412,physics,E,E,2,same_letter
9414,physics,G,F,9,shifted_content
9416,physics,B,D,2,shifted_content
9422,physics,E,E,1,same_letter
9423,physics,E,E,3,same_letter
9424,physics,E,E,6,same_letter
9427,physics,E,E,5,same_letter
9430,physics,E,G,4,other
9431,physics,E,G,2,shifted_content
9438,physics,C,E,9,other
9440,physics,E,E,9,same_letter
9443,physics,E,E,5,same_letter
9453,physics,E,E,8,same_letter
9454,physics,G,E,7,other
9456,physics,E,E,7,same_letter
9457,physics,G,C,9,other
9459,physics,E,E,8,same_letter
9460,physics,E,G,7,other
9465,physics,E,E,2,same_letter
9471,physics,E,E,8,same_letter
9473,physics,F,F,2,same_letter
9474,physics,E,E,5,same_letter
9475,physics,E,E,4,same_letter
9476,physics,E,E,9,same_letter
9477,physics,G,E,4,other
9479,physics,E,C,5,other
9482,physics,B,A,8,other
9487,physics,E,F,8,other
9488,physics,G,G,7,same_letter
9495,physics,E,E,4,same_letter
9498,physics,E,F,5,other
9499,physics,E,G,6,other
9501,physics,E,E,2,same_letter
9503,physics,E,E,8,same_letter
9504,physics,E,H,9,other
9506,physics,E,E,7,same_letter
9510,physics,D,G,8,other
9512,physics,E,E,6,same_letter
9513,physics,E,E,9,same_letter
9514,physics,E,E,4,same_letter
9515,physics,E,E,5,same_letter
9517,physics,E,E,6,same_letter
9518,physics,E,E,7,same_letter
9519,physics,E,E,8,same_letter
9523,physics,E,G,4,other
9526,physics,E,E,8,same_letter
9531,physics,E,E,9,same_letter
9532,physics,E,E,2,same_letter
9535,physics,E,D,6,other
9536,physics,C,D,1,shifted_content
9540,physics,H,E,4,other
9545,physics,J,I,6,other
9551,physics,E,F,7,other
9557,physics,E,E,7,same_letter
9559,physics,E,E,1,same_letter
9561,physics,F,E,7,other
9563,physics,E,E,7,same_letter
9564,physics,E,E,4,same_letter
9568,physics,C,B,9,shifted_content
9569,physics,B,E,5,other
9571,physics,E,G,3,other
9572,physics,F,F,9,same_letter
9576,physics,E,F,1,shifted_content
9578,physics,D,E,1,shifted_content
9580,physics,G,E,4,other
9582,physics,E,E,9,same_letter
9585,physics,D,B,4,other
9588,physics,E,E,8,same_letter
9589,physics,G,E,3,other
9591,physics,E,G,9,other
9592,physics,E,E,9,same_letter
9594,physics,E,E,2,same_letter
9607,physics,E,E,5,same_letter
9610,physics,G,E,8,shifted_content
9611,physics,G,D,4,other
9613,physics,E,E,4,same_letter
9614,physics,E,F,9,other
9615,physics,E,E,6,same_letter
9618,physics,E,E,7,same_letter
9620,physics,E,G,3,other
9621,physics,E,G,5,other
9622,physics,G,E,4,other
9624,physics,D,G,1,other
9625,physics,E,E,7,same_letter
9627,physics,E,E,3,same_letter
9628,physics,J,E,1,other
9630,physics,E,E,9,same_letter
9636,physics,C,F,3,shifted_content
9637,physics,F,G,2,other
9639,physics,B,E,9,other
9640,physics,G,B,2,other
9642,physics,F,E,7,other
9644,physics,E,C,8,shifted_content
9645,physics,E,E,9,same_letter
9648,physics,E,E,1,same_letter
9649,physics,G,D,3,other
9651,physics,E,E,8,same_letter
9653,physics,E,E,1,same_letter
9659,physics,E,E,9,same_letter
9666,physics,E,E,4,same_letter
9668,physics,F,G,4,other
9669,physics,I,I,4,same_letter
9670,physics,F,E,4,other
9672,physics,E,E,6,same_letter
9673,physics,E,E,3,same_letter
9674,physics,E,E,3,same_letter
9676,physics,A,E,3,other
9677,physics,E,E,3,same_letter
9685,physics,E,B,2,other
9686,physics,E,G,9,other
9687,physics,G,F,9,shifted_content
9688,physics,E,E,6,same_letter
9696,physics,E,B,9,other
9697,physics,E,E,3,same_letter
9703,physics,E,F,5,other
9706,physics,E,E,6,same_letter
9711,physics,E,E,3,same_letter
9712,physics,E,E,1,same_letter
9713,physics,E,E,7,same_letter
9715,physics,E,D,9,shifted_content
9721,physics,E,E,3,same_letter
9723,physics,E,E,2,same_letter
9726,physics,E,E,7,same_letter
9731,physics,E,E,5,same_letter
9736,physics,C,F,3,shifted_content
9740,physics,E,E,9,same_letter
9743,physics,F,E,8,other
9744,physics,E,E,7,same_letter
9749,physics,E,E,9,same_letter
9751,physics,E,G,3,other
9755,physics,E,F,7,other
9757,physics,E,G,7,other
9758,physics,E,E,9,same_letter
9759,physics,B,G,9,other
9761,physics,E,F,4,other
9764,physics,B,F,4,shifted_content
9765,physics,E,E,9,same_letter
9767,physics,E,G,8,other
9769,physics,G,E,8,shifted_content
9771,physics,E,E,1,same_letter
9773,physics,F,G,5,other
9774,physics,G,F,9,shifted_content
9776,physics,F,F,6,same_letter
9777,physics,E,G,9,other
9778,physics,E,E,8,same_letter
9780,physics,G,G,9,same_letter
9785,physics,E,F,1,shifted_content
9786,physics,E,I,6,other
9789,physics,B,E,3,shifted_content
9795,physics,E,G,5,other
9800,physics,E,E,9,same_letter
9802,physics,F,G,5,other
9804,physics,F,E,3,other
9807,physics,I,E,2,other
9809,physics,F,E,5,other
9817,physics,E,C,9,other
9818,physics,F,E,3,other
9819,physics,I,D,3,other
9824,physics,E,D,3,other
9825,physics,I,D,5,shifted_content
9827,physics,F,C,7,shifted_content
9831,physics,B,B,9,same_letter
9832,physics,H,C,5,shifted_content
9833,physics,E,E,8,same_letter
9837,physics,E,E,6,same_letter
9838,physics,E,F,4,other
9839,physics,E,E,5,same_letter
9843,physics,E,B,4,other
9844,physics,E,E,4,same_letter
9845,physics,G,D,1,other
9849,physics,E,E,7,same_letter
9850,physics,E,E,4,same_letter
9852,physics,G,F,9,shifted_content
9854,physics,G,E,9,other
9856,physics,G,F,9,shifted_content
9861,physics,E,E,3,same_letter
9862,physics,E,E,6,same_letter
9863,physics,E,E,4,same_letter
9864,physics,F,I,6,other
9867,physics,E,E,1,same_letter
9874,physics,E,E,6,same_letter
9875,physics,E,B,6,other
9876,physics,E,E,6,same_letter
9885,physics,F,E,8,other
9889,physics,E,E,8,same_letter
9890,physics,E,E,4,same_letter
9897,physics,E,E,7,same_letter
9902,physics,E,I,9,other
9904,physics,E,E,9,same_letter
9908,physics,E,E,6,same_letter
9911,physics,E,E,5,same_letter
9913,physics,E,E,5,same_letter
9914,physics,A,A,9,same_letter
9920,physics,E,G,3,other
9923,physics,E,E,1,same_letter
9930,physics,E,E,5,same_letter
9939,physics,E,F,2,other
9942,physics,C,A,8,shifted_content
9943,physics,E,D,7,other
9946,physics,F,F,8,same_letter
9949,physics,G,E,9,other
9953,physics,E,G,2,shifted_content
9954,physics,E,E,6,same_letter
9955,physics,G,E,8,shifted_content
9957,physics,E,I,9,other
9958,physics,E,E,9,same_letter
9959,physics,E,E,2,same_letter
9960,physics,E,E,9,same_letter
9962,physics,E,E,9,same_letter
9964,physics,E,E,4,same_letter
9967,physics,E,E,5,same_letter
9968,physics,E,E,7,same_letter
9973,physics,A,C,4,other
9976,physics,E,E,8,same_letter
9981,physics,E,E,5,same_letter
9986,physics,B,E,4,other
9988,physics,E,E,3,same_letter
9994,physics,E,E,9,same_letter
10004,physics,F,G,9,other
10011,physics,F,G,1,shifted_content
10012,physics,I,E,1,other
10014,physics,E,G,8,other
10016,physics,F,E,6,other
10017,physics,E,D,9,shifted_content
10018,physics,E,E,6,same_letter
10020,physics,G,F,9,shifted_content
10021,physics,E,G,4,other
10022,physics,E,E,2,same_letter
10029,physics,G,D,6,other
10032,physics,E,E,5,same_letter
10033,physics,B,J,8,shifted_content
10034,physics,G,E,8,shifted_content
10038,physics,E,F,4,other
10040,physics,E,E,5,same_letter
10041,physics,G,E,1,other
10042,physics,E,E,9,same_letter
10043,physics,E,E,7,same_letter
10049,physics,E,A,2,other
10050,physics,E,D,1,other
10052,physics,E,E,9,same_letter
10058,physics,I,E,7,other
10059,physics,F,E,8,other
10060,physics,E,E,6,same_letter
10063,physics,E,C,8,shifted_content
10069,physics,E,E,2,same_letter
10070,physics,E,E,7,same_letter
10076,physics,E,G,7,other
10079,physics,G,E,4,other
10083,physics,E,G,1,other
10086,physics,F,F,4,same_letter
10089,physics,C,E,6,other
10091,physics,F,G,5,other
10092,physics,E,E,9,same_letter
10095,physics,E,E,8,same_letter
10099,physics,J,G,7,shifted_content
10100,physics,C,F,7,other
10102,physics,E,E,3,same_letter
10105,physics,E,F,4,other
10110,physics,E,B,8,other
10113,physics,E,E,2,same_letter
10116,physics,G,G,7,same_letter
10118,physics,F,G,1,shifted_content
10121,physics,G,F,9,shifted_content
10123,physics,E,E,8,same_letter
10126,physics,G,E,1,other
10135,physics,E,E,5,same_letter
10139,physics,B,F,3,other
10140,physics,F,E,1,other
10143,physics,E,E,6,same_letter
10144,physics,E,G,2,shifted_content
10147,physics,F,G,6,other
10149,physics,F,G,4,other
10150,physics,G,F,9,shifted_content
10151,physics,E,E,3,same_letter
10152,physics,E,E,7,same_letter
10153,physics,E,E,3,same_letter
10155,physics,E,E,1,same_letter
10162,physics,F,B,6,shifted_content
10165,physics,H,B,4,shifted_content
10168,physics,H,C,3,other
10173,physics,C,D,8,other
10180,physics,E,G,7,other
10182,physics,E,E,9,same_letter
10188,physics,E,E,9,same_letter
10190,physics,E,E,4,same_letter
10191,physics,H,B,4,shifted_content
10193,physics,E,E,5,same_letter
10194,physics,E,E,8,same_letter
10195,physics,B,B,4,same_letter
10199,physics,E,E,9,same_letter
10201,physics,D,E,6,other
10206,physics,E,E,7,same_letter
10207,physics,E,E,6,same_letter
10209,physics,D,G,7,other
10211,physics,E,D,3,other
10213,physics,J,E,4,other
10220,physics,E,E,3,same_letter
10226,physics,E,E,8,same_letter
10229,physics,F,G,1,shifted_content
10235,physics,E,B,8,other
10237,physics,E,E,9,same_letter
10240,physics,E,I,4,shifted_content
10241,physics,F,E,3,other
10243,physics,E,E,1,same_letter
10249,physics,E,E,6,same_letter
10250,physics,B,E,8,other
10251,physics,G,E,2,other
10253,physics,C,G,5,other
10255,physics,E,F,7,other
10259,physics,E,E,5,same_letter
10260,physics,E,C,3,other
10261,physics,E,E,1,same_letter
10268,physics,G,E,1,other
10273,physics,F,F,5,same_letter
10274,physics,E,E,5,same_letter
10276,physics,E,E,1,same_letter
10283,physics,E,E,7,same_letter
10286,physics,F,E,9,shifted_content
10287,physics,D,E,5,other
10292,physics,E,E,7,same_letter
10293,physics,B,E,3,shifted_content
10295,physics,E,F,1,shifted_content
10298,physics,E,E,7,same_letter
10299,physics,E,B,7,shifted_content
10307,physics,I,I,5,same_letter
10308,physics,E,E,4,same_letter
10310,physics,E,F,5,other
10311,physics,E,G,5,other
10314,physics,E,E,1,same_letter
10316,physics,G,F,1,other
10317,physics,E,E,4,same_letter
10318,physics,G,E,7,other
10319,physics,E,E,4,same_letter
10320,physics,E,E,6,same_letter
10322,physics,G,E,2,other
10324,physics,G,E,7,other
10326,physics,E,E,5,same_letter
10330,physics,C,C,3,same_letter
10333,physics,D,C,5,other
10335,physics,H,I,1,shifted_content
10336,physics,G,E,6,other
10337,physics,B,C,6,other
10340,physics,E,I,8,other
10344,physics,E,F,6,other
10345,physics,I,I,3,same_letter
10346,physics,E,E,8,same_letter
10348,physics,E,E,7,same_letter
10349,physics,E,G,7,other
10350,physics,E,E,3,same_letter
10352,physics,E,E,7,same_letter
10353,physics,E,G,8,other
10354,physics,E,E,1,same_letter
10355,physics,A,I,9,other
